rate_ave,Action,Adventure,Animation,Comedy,Crime,Documentary,Drama,Family,Fantasy,Foreign,History,Horror,Kids,Music,Mystery,Romance,ScienceFiction,TVMovie,Thriller,War,Western,popularity,mid
3.445487093,0,0,0,0,0,0,1,0,0,0,0,0,0,0,0,0,0,0,1,0,0,1.31697,217
3.3880933730000002,0,0,0,1,0,0,1,0,0,0,0,0,0,0,0,0,0,0,0,0,0,1.73817,218
3.251069439,0,0,0,0,0,0,1,1,0,0,0,0,0,0,0,0,0,0,0,0,0,0.51731,219
3.162083649,0,0,0,0,0,0,1,0,0,0,0,1,0,0,1,0,0,0,1,0,0,0.83821,220
3.227370939,0,0,0,0,0,0,1,1,0,0,0,0,0,0,0,1,0,0,0,0,0,0.95231,222
3.166922017,0,0,0,1,0,0,0,0,0,0,0,0,0,0,0,0,0,0,0,0,0,5.52493,223
3.4296608,0,0,0,1,0,0,1,0,0,0,0,0,0,0,0,1,0,0,0,0,0,11.632,224
3.579042175,0,0,0,0,1,0,1,0,0,0,0,0,0,0,1,1,0,0,1,0,0,5.73075,225
3.023096411,1,1,0,0,0,0,0,0,0,0,0,0,0,0,0,0,0,0,1,0,0,4.57919,227
3.185444298,0,0,0,1,1,0,0,0,1,0,0,0,0,0,0,0,0,0,0,0,0,0.00642,228
3.540181904,0,0,0,0,0,0,1,0,0,0,0,0,0,0,1,0,0,0,1,0,0,4.43216,229
3.579827845,0,0,0,0,1,0,1,0,0,0,0,0,0,0,1,0,0,0,1,0,0,1.97505,230
3.2816874400000002,0,0,0,1,0,0,0,0,0,0,0,0,0,0,0,0,0,0,0,0,0,22.1576,231
3.366365927,0,0,0,1,0,0,1,0,0,0,0,0,0,0,0,1,0,0,0,0,0,2.45883,232
3.472354188,0,0,0,0,0,0,1,0,0,0,0,0,0,0,0,1,0,0,0,0,0,0.67452,233
3.1365858220000002,0,0,0,1,0,0,0,0,0,0,0,0,0,0,0,0,0,0,0,0,0,1.12838,234
3.544657536,0,0,0,1,0,0,1,0,0,0,1,0,0,0,0,0,0,0,0,0,0,5.80544,235
3.122070739,0,0,0,1,0,0,0,0,0,0,0,0,0,0,0,1,0,0,0,0,0,2.89431,236
3.360250733,0,0,0,1,0,0,1,0,0,0,0,0,0,0,0,1,0,0,0,0,0,1.57257,237
3.050720479,1,1,0,0,0,0,1,1,0,0,0,0,0,0,0,0,0,0,0,0,0,0.11891,238
3.18946401,0,1,1,1,0,0,0,1,0,0,0,0,0,0,0,1,0,0,0,0,0,13.7629,239
3.443956949,0,0,0,0,0,0,1,0,0,0,0,0,0,0,0,0,0,0,1,0,0,1.09521,240
3.251178114,0,0,0,0,0,0,1,1,1,0,0,0,0,0,0,0,0,0,0,0,0,0.53306,241
3.624730018,0,0,0,0,0,0,1,0,0,0,1,0,0,0,0,0,0,0,0,0,0,0.26522,242
3.247509867,0,0,0,0,0,0,1,1,1,0,0,0,0,0,0,0,0,0,0,0,0,0.00143,243
3.2229098670000003,0,0,1,0,0,0,0,1,1,0,0,0,0,0,0,0,1,0,0,0,0,0.00143,244
3.3294773490000003,1,0,0,0,1,0,1,0,0,0,0,0,0,0,0,0,0,0,1,0,0,0.01121,245
3.641716665,0,0,0,0,0,1,0,0,0,0,0,0,0,0,0,0,0,0,0,0,0,1.13285,246
3.508063725,0,0,0,0,0,0,1,0,1,0,0,0,0,0,0,0,0,0,0,0,0,1.98025,247
2.881914835,0,0,0,1,0,0,0,1,0,0,0,0,0,0,0,0,0,0,0,0,0,0.00215,248
3.473869842,0,0,0,0,0,0,1,0,0,0,0,0,0,1,0,1,0,0,0,0,0,0.89418,249
3.140864795,0,0,0,1,0,0,1,1,0,0,0,0,0,0,0,0,0,0,0,0,0,1.69055,250
3.035042493,1,0,0,0,0,0,0,0,0,0,0,0,0,0,0,0,0,0,1,0,0,1.38297,251
3.359385956,0,0,0,1,0,0,1,0,0,0,0,0,0,0,0,1,0,0,0,0,0,1.44724,252
2.94471189,0,0,0,0,0,0,0,0,0,0,0,1,0,0,0,1,0,0,0,0,0,11.2481,253
3.467715318,0,0,0,0,0,0,1,0,0,0,0,0,0,0,0,1,0,0,0,0,0,0.00222,254
3.185409867,0,0,0,1,1,0,0,0,0,0,0,0,0,0,0,0,0,0,0,0,0,0.00143,255
3.116568817,0,0,0,1,0,0,0,0,0,0,0,0,0,0,0,1,0,0,0,0,0,2.09693,256
3.3830396830000002,1,0,0,0,0,0,1,0,0,0,0,0,0,0,1,0,0,0,1,0,0,5.36807,257
2.802919222,0,1,0,1,0,0,0,1,1,0,0,0,0,0,0,0,1,0,0,0,0,0.81438,258
3.340381626,1,0,0,0,1,0,1,0,0,0,0,0,0,0,0,0,0,0,1,0,0,1.59154,259
3.43573831,1,1,0,0,0,0,0,0,0,0,0,0,0,0,0,0,1,0,0,0,0,63.3099,260
3.482388375,0,0,0,0,0,0,1,0,0,0,0,0,0,0,0,1,0,0,0,0,0,2.12875,261
3.256766562,0,0,0,0,0,0,1,1,1,0,0,0,0,0,0,0,0,0,0,0,0,1.34298,262
3.494433948,0,0,0,0,0,0,1,0,0,0,0,0,0,0,0,0,0,0,0,0,0,0.00492,263
3.50040852,0,0,0,0,0,0,1,0,0,0,0,0,0,0,0,0,0,0,0,0,0,0.8708,264
3.495750915,0,0,0,0,0,0,1,0,0,0,0,0,0,0,0,1,0,0,0,0,0,4.06535,265
3.84386545,0,0,0,0,0,0,1,0,0,0,0,0,0,0,0,1,0,0,0,1,1,15.9805,266
2.921412712,0,0,0,1,0,0,0,1,0,0,0,0,0,0,0,0,0,0,0,0,0,5.72648,267
3.335739158,1,0,0,0,0,0,1,0,0,0,0,0,0,0,0,0,0,0,0,0,0,0.71582,268
3.494416698,0,0,0,0,0,0,1,0,0,0,0,0,0,0,0,0,0,0,0,0,0,0.00242,269
3.468417876,0,0,0,0,0,0,1,0,0,0,0,0,0,0,0,1,0,0,0,0,0,0.10404,270
3.511923447,0,0,0,0,0,0,1,0,0,0,0,0,0,0,0,0,0,0,0,0,0,2.53963,271
3.522370053,0,0,0,1,0,0,1,0,0,0,1,0,0,0,0,0,0,0,0,0,0,2.57537,272
3.088845413,0,0,0,0,0,0,1,0,0,0,0,1,0,0,0,1,1,0,0,0,0,3.62977,273
2.7228200520000003,1,0,0,1,0,0,0,1,0,0,0,0,0,0,0,0,0,0,0,0,0,0.65508,274
3.360111146,0,0,0,1,0,0,1,0,0,0,0,0,0,0,0,1,0,0,0,0,0,1.55234,275
3.11237203,0,0,0,1,0,0,0,0,0,0,0,0,0,0,0,1,0,0,0,0,0,1.4887,276
3.26560008,0,0,0,0,0,0,1,1,1,0,0,0,0,0,0,0,0,0,0,0,0,2.6232,277
3.102111523,0,0,0,1,0,0,0,0,0,0,0,0,0,0,0,1,0,0,0,0,0,0.00167,278
3.376111109,0,0,0,1,0,0,1,0,0,0,0,0,0,0,0,0,0,0,0,0,0,0.00161,279
3.569139272,0,0,0,0,1,0,1,0,0,0,0,0,0,0,0,0,0,0,0,0,0,2.62888,280
3.387398267,0,0,0,1,0,0,1,0,0,0,0,0,0,0,0,0,0,0,0,0,0,1.63743,281
3.4569223940000002,0,0,0,0,0,0,1,0,0,0,0,0,0,0,0,0,0,0,1,0,0,2.97426,282
3.5510304980000003,0,0,0,0,1,0,1,0,0,0,0,0,0,0,0,0,0,0,0,0,0,0.00442,283
2.984925424,1,0,0,0,0,0,0,0,0,0,0,0,0,0,0,0,1,0,1,0,0,1.45296,286
3.4677113850000003,0,0,0,0,0,0,1,0,0,0,0,0,0,0,0,1,0,0,0,0,0,0.00165,287
3.540994123,0,0,0,0,1,0,1,0,0,0,0,0,0,0,0,0,0,0,1,0,0,6.95567,288
3.367246643,0,0,0,1,0,0,1,0,0,0,0,0,0,0,0,1,0,0,0,0,0,2.58647,289
3.516405825,0,0,0,0,0,0,1,0,0,0,0,0,0,0,0,0,0,0,0,0,0,3.18925,290
3.425147375,0,0,0,0,0,0,1,0,0,0,0,0,0,0,0,1,0,0,1,0,0,2.23875,291
3.2619195050000003,1,0,0,0,0,0,1,0,0,0,0,0,0,0,0,0,1,0,1,0,0,5.75645,292
3.64786843,0,0,0,0,1,0,1,0,0,0,0,0,0,0,0,0,0,0,1,0,0,22.4447,293
3.349420493,0,0,0,1,0,0,1,0,0,0,0,0,0,0,0,1,0,0,0,0,0,0.00297,294
3.3494257370000002,0,0,0,1,0,0,1,0,0,0,0,0,0,0,0,1,0,0,0,0,0,0.00373,295
3.43775391,0,0,0,0,1,0,0,0,0,0,0,0,0,0,0,0,0,0,1,0,0,27.8339,296
3.49441587,0,0,0,0,0,0,1,0,0,0,0,0,0,0,0,0,0,0,0,0,0,0.0023,297
3.376798625,0,0,0,1,0,0,1,0,0,0,0,0,0,0,0,0,0,0,0,0,0,0.10125,298
3.494416491,0,0,0,0,0,0,1,0,0,0,0,0,0,0,0,0,0,0,0,0,0,0.00239,299
3.6392269870000002,0,0,0,0,0,0,1,0,0,0,1,0,0,0,0,0,0,0,0,0,0,2.36623,300
3.6429365700000003,0,0,0,0,0,0,1,0,0,1,0,0,0,0,0,1,0,0,0,0,0,0.0053,301
3.642727495,0,0,0,0,0,0,1,0,0,0,1,0,0,0,0,0,0,0,0,0,0,2.87355,302
3.426102336,1,1,0,0,0,0,1,0,0,0,0,0,0,0,0,0,0,0,1,0,1,5.79744,303
3.24811568,0,0,0,0,0,0,0,0,0,0,0,0,0,0,0,0,0,0,0,0,0,0.1472,304
3.4010734460000003,0,0,0,1,0,0,1,0,0,0,0,0,0,0,0,0,0,0,0,0,0,3.61934,305
3.588569064,0,0,0,0,0,0,1,0,0,0,0,0,0,0,1,1,0,0,0,0,0,6.90856,306
3.59536353,0,0,0,0,0,0,1,0,0,0,0,0,0,1,1,0,0,0,0,0,0,4.0237,307
3.4717114760000003,0,0,0,1,0,0,1,0,0,0,0,0,0,0,1,0,0,0,0,0,0,3.24804,308
3.494409867,0,0,0,0,0,0,1,0,0,0,0,0,0,0,0,0,0,0,0,0,0,0.00143,309
2.881999774,0,0,0,1,0,0,0,1,0,0,0,0,0,0,0,0,0,1,0,0,0,0.01446,310
3.376113524,0,0,0,1,0,0,1,0,0,0,0,0,0,0,0,0,0,0,0,0,0,0.00196,312
3.181120195,0,0,1,1,0,0,0,1,1,0,0,0,0,0,0,0,0,0,0,0,0,3.75655,313
3.247531395,0,0,0,0,0,0,1,1,1,0,0,0,0,0,0,0,0,0,0,0,0,0.00455,314
3.0825095940000002,1,0,0,0,0,0,0,0,0,0,0,0,0,0,0,0,0,0,1,0,0,8.26226,315
3.0791656300000003,1,1,0,0,0,0,0,0,0,0,0,0,0,0,0,0,1,0,0,0,0,11.6327,316
3.171684818,0,0,0,1,0,0,1,1,1,0,0,0,0,0,0,0,0,0,0,0,0,6.15722,317
3.75760256,0,0,0,0,1,0,1,0,0,0,0,0,0,0,0,0,0,0,0,0,0,29.9424,318
3.08446752,0,0,0,1,0,0,0,0,0,0,0,0,0,0,0,0,0,0,1,0,0,1.9808,319
3.436411868,0,0,0,0,0,0,1,0,0,0,0,0,0,0,0,0,0,0,1,0,0,0.00172,320
3.3761481620000002,0,0,0,1,0,0,1,0,0,0,0,0,0,0,0,0,0,0,0,0,0,0.00698,321
3.1914961500000003,0,0,0,1,1,0,0,0,0,0,0,0,0,0,0,0,0,0,0,0,0,0.8835,322
3.471170769,0,0,0,0,0,0,1,0,0,0,0,0,0,1,0,1,0,0,0,0,0,0.50301,2070
3.503696508,0,0,0,0,0,0,1,0,0,0,0,0,0,0,0,0,0,0,0,0,0,1.34732,2071
2.765220745,0,0,0,1,0,0,0,0,0,0,0,1,0,0,0,0,0,0,1,0,0,6.91605,2072
3.376769024,0,0,0,1,0,0,1,0,0,0,0,0,0,0,0,0,0,0,0,0,0,0.09696,2073
3.5002692090000003,0,0,0,0,0,0,1,0,0,0,0,0,0,0,0,0,0,0,0,0,0,0.85061,2074
3.5043413820000002,0,0,0,0,0,0,1,0,0,0,0,0,0,0,0,0,0,0,0,0,0,1.44078,2075
3.6721819300000003,0,0,0,0,1,0,1,0,0,0,0,0,0,0,1,0,0,0,1,0,0,15.3597,2076
3.213138847,0,1,0,0,0,0,0,0,0,0,0,0,0,0,0,0,0,0,0,0,0,0.00563,2077
3.41706667,0,1,1,0,0,0,0,1,0,0,0,0,0,0,0,0,0,0,0,0,0,25.7343,2078
3.0499102810000003,1,1,0,0,0,0,1,1,0,0,0,0,0,0,0,0,0,0,0,0,0,0.00149,2079
3.34636193,0,0,1,0,0,0,0,1,0,0,0,0,0,0,0,0,0,0,0,0,0,10.5597,2080
3.39110705,0,0,1,0,0,0,0,1,0,0,0,0,0,0,0,0,0,0,0,0,0,17.0445,2081
2.908181755,0,0,0,1,0,0,0,1,0,0,0,0,0,0,0,0,0,0,0,0,0,3.80895,2082
3.144930758,0,0,0,1,0,0,1,1,1,0,0,0,0,0,0,0,0,0,0,0,0,2.27982,2083
3.261221409,0,0,0,0,0,0,1,1,0,0,0,0,0,1,0,0,0,0,0,0,0,1.98861,2084
3.4951635000000003,0,1,1,1,0,0,0,0,0,0,0,0,0,0,0,0,0,0,0,0,0,18.415,2085
3.494551869,0,0,0,0,0,0,1,0,1,0,0,0,0,0,0,0,0,0,0,0,0,0.02201,2086
3.35368879,0,1,1,0,0,0,0,1,1,0,0,0,0,1,0,0,0,0,0,0,0,16.5491,2087
2.689524818,1,1,0,1,0,0,0,1,0,0,0,0,0,1,0,0,0,0,0,0,0,0.75722,2088
3.6347769000000003,0,1,1,0,1,0,0,0,1,0,0,0,0,0,0,0,0,0,0,0,0,13.301,2089
3.31073422,0,1,1,0,0,0,0,1,1,0,0,0,0,0,0,0,0,0,0,0,0,10.3238,2090
2.921801099,0,1,0,0,0,0,0,1,1,0,0,0,0,0,0,0,1,0,0,0,0,0.89871,2091
3.28595863,0,1,1,0,0,0,0,1,1,0,0,0,0,0,0,1,0,0,0,0,0,10.6027,2092
2.926124225,0,1,0,0,0,0,0,1,1,0,0,0,0,0,0,0,1,0,0,0,0,1.52525,2093
2.7698455390000003,1,1,0,0,0,0,0,1,0,0,0,0,0,0,0,0,1,0,0,0,0,2.58631,2094
2.882924581,0,0,0,1,0,0,0,1,0,0,0,0,0,0,0,0,0,0,0,0,0,0.14849,2095
3.33791519,0,0,1,0,0,0,0,1,1,0,0,0,0,0,0,1,0,0,0,0,0,13.2051,2096
2.8653271240000002,0,0,0,0,0,0,1,1,1,0,0,1,0,0,1,0,1,0,1,0,0,0.94596,2097
2.865008626,0,0,0,1,0,0,0,1,0,0,0,0,0,0,0,1,0,0,0,0,0,1.42154,2098
3.287856692,0,0,1,0,0,0,0,1,0,0,0,0,0,1,0,0,0,0,0,0,0,2.08068,2099
3.142237024,0,0,0,1,0,0,0,0,1,0,0,0,0,0,0,1,0,0,0,0,0,5.81696,2100
3.247515732,0,0,0,0,0,0,1,1,0,0,0,0,0,0,0,0,0,0,0,0,0,0.00228,2101
3.155615311,0,0,1,1,0,0,0,1,0,0,0,0,0,0,0,0,0,0,0,0,0,0.06019,2102
3.2219812660000002,0,1,0,0,0,0,0,0,0,0,0,0,0,0,0,0,0,0,0,0,0,1.28714,2103
3.494400138,0,0,0,0,0,0,1,0,0,0,0,0,0,0,0,0,0,0,0,0,0,0.00002,2104
3.0693165700000002,1,1,0,0,0,0,0,0,0,0,0,0,0,0,0,0,1,0,0,0,0,10.2053,2105
3.521492298,0,0,0,0,0,0,1,0,0,0,0,0,0,1,0,0,0,0,0,0,0,3.92642,2106
2.8704071570000003,0,0,0,0,0,0,0,0,0,0,0,1,0,0,0,0,0,0,1,0,0,5.01553,2107
3.3718321760000003,0,0,0,1,0,0,1,0,1,0,0,0,0,0,0,1,0,0,0,0,0,3.25104,2108
3.1750699510000002,0,0,0,1,0,0,0,0,0,0,0,0,0,0,0,0,0,0,0,0,0,6.70579,2109
3.215139256,0,0,0,1,0,0,0,0,0,0,0,0,0,0,1,0,0,0,0,0,0,1.90424,2110
3.0736267820000003,0,0,0,1,0,0,0,0,0,0,0,0,0,0,0,1,1,0,0,0,0,3.20678,2111
3.510446157,0,0,0,0,0,0,1,0,0,0,0,0,0,0,0,0,0,0,0,0,0,2.32553,2112
3.157209085,0,0,0,0,0,0,1,0,0,0,0,1,0,0,0,0,0,0,0,0,0,2.33465,2113
3.6104060330000003,0,0,0,0,1,0,1,0,0,0,0,0,0,0,0,0,0,0,0,0,0,8.60957,2114
3.2266782000000003,1,1,0,0,0,0,0,0,0,0,0,0,0,0,0,0,0,0,0,0,0,25.678,2115
3.764792021,0,1,1,0,0,0,1,0,0,0,0,0,0,0,0,0,0,0,0,0,0,4.50609,2116
3.443919058,0,0,0,0,0,0,1,0,0,0,0,0,0,0,0,1,1,0,0,0,0,3.88682,2117
2.826463587,0,0,0,0,0,0,0,0,0,0,0,1,0,0,0,0,1,0,1,0,0,5.98023,2118
2.949060799,1,0,0,0,0,0,1,0,0,0,0,1,0,0,0,0,1,0,0,0,0,3.21171,2119
2.932639946,1,0,0,0,0,0,1,0,0,0,0,1,0,0,0,0,0,0,1,0,0,1.90434,2120
2.879762453,0,0,0,0,0,0,0,0,0,0,0,1,0,0,0,0,0,0,1,0,0,6.37137,2121
3.116716524,0,0,0,0,0,0,1,0,1,0,0,1,0,0,0,0,0,0,1,0,0,4.87196,2122
3.439017491,0,0,1,1,0,0,1,1,1,0,0,0,0,0,0,0,0,0,0,0,0,5.29239,2123
2.9355521920000003,0,0,0,1,0,0,0,1,0,0,0,0,0,0,0,0,0,0,0,0,0,7.77568,2124
3.379938365,0,0,0,1,0,0,1,0,0,0,0,0,0,0,0,1,0,0,0,0,0,4.42585,2125
3.401114239,0,0,0,0,1,0,0,0,0,0,0,0,0,0,1,0,0,0,0,0,0,3.50931,2126
3.1854149730000003,0,0,0,1,1,0,0,0,0,0,0,0,0,0,0,0,0,0,0,0,0,0.00217,2128
3.526425407,0,0,0,0,1,0,1,0,0,0,0,0,0,0,0,1,0,0,0,0,0,0.30803,2130
3.495301209,0,0,0,0,0,0,1,0,0,0,0,0,0,1,0,0,0,0,0,0,0,0.13061,2131
3.528419346,0,0,0,0,0,0,1,0,0,0,0,0,0,0,0,0,0,0,0,0,0,4.93034,2132
3.106425061,0,1,0,1,1,0,0,0,0,0,0,0,0,0,0,0,0,0,1,0,0,1.88769,2133
3.1392333850000003,0,0,0,1,0,0,0,0,1,0,0,0,0,0,0,1,0,0,0,0,0,5.38165,2134
2.839493763,0,1,0,1,0,0,0,1,1,0,0,0,0,1,0,1,0,0,0,0,0,2.65127,2135
2.862238138,0,0,0,1,0,0,0,1,0,0,0,0,0,0,0,1,0,0,0,0,0,1.02002,2136
3.531803982,0,0,1,0,0,0,1,1,0,0,0,0,0,0,0,0,0,0,0,0,0,1.59478,2137
3.795487154,0,1,1,0,0,0,1,0,1,0,0,0,0,0,0,0,0,0,0,0,0,8.95466,2138
3.540740931,0,0,1,0,0,0,1,1,1,0,0,0,0,0,0,0,0,0,0,0,0,2.88999,2139
3.271504058,0,0,0,0,0,0,0,0,1,0,0,0,0,0,0,0,0,0,0,0,0,3.53682,2140
3.519471224,0,1,1,0,0,0,1,1,0,0,0,0,0,0,0,0,0,0,0,0,0,4.73496,2141
3.279347707,0,1,1,0,0,0,0,1,0,0,0,0,0,0,0,0,0,0,0,0,0,5.77503,2142
3.09821838,1,1,0,0,0,0,0,0,1,0,0,0,0,0,0,1,0,0,0,0,0,10.9302,2143
3.1652834050000003,0,0,0,1,0,0,0,0,0,0,0,0,0,0,0,0,0,0,0,0,0,5.28745,2144
3.363550037,0,0,0,1,0,0,1,0,0,0,0,0,0,0,0,1,0,0,0,0,0,2.05073,2145
3.479832408,0,0,0,0,0,0,1,0,0,0,0,0,0,0,0,1,0,0,0,0,0,1.75832,2146
3.471643688,0,1,0,0,0,0,1,0,0,0,0,0,0,0,0,0,0,0,0,0,0,1.62952,2147
2.786095709,0,0,0,1,0,0,0,0,0,0,0,1,0,0,0,0,0,0,0,0,0,1.53561,2148
2.808958376,0,0,0,1,0,0,0,0,1,0,0,1,0,0,0,0,0,0,0,0,0,4.84904,2149
2.98273083,1,0,0,1,0,0,0,0,0,0,0,0,0,0,0,0,0,0,0,0,0,2.5407,2150
2.975496111,1,0,0,1,0,0,0,0,0,0,0,0,0,0,0,0,0,0,0,0,0,1.49219,2151
2.884894876,0,0,0,1,0,0,0,1,0,0,0,0,0,0,0,0,0,0,0,0,0,0.43404,2152
3.207056974,0,0,0,0,0,0,0,0,0,0,0,0,0,0,0,0,0,0,1,0,0,2.60246,2153
3.3541932230000002,0,0,0,1,0,0,1,0,0,0,0,0,0,0,0,1,0,0,0,0,0,0.69467,2154
3.380394905,0,0,0,1,0,0,1,0,0,0,0,0,0,0,0,0,0,0,0,0,0,0.62245,2155
3.494411316,0,0,0,0,0,0,1,0,0,0,0,0,0,0,0,0,0,0,0,0,0,0.00164,2157
2.892418078,0,0,0,0,1,0,0,0,0,0,0,1,0,0,0,0,0,0,1,0,0,0.00262,2158
3.1522292960000002,0,0,0,0,1,0,1,0,0,0,0,1,0,0,0,0,0,0,1,0,0,1.81584,2159
3.2930600500000002,0,0,0,0,0,0,1,0,0,0,0,1,0,0,1,0,0,0,0,0,0,11.4145,2160
3.07297982,0,0,0,0,0,0,0,1,1,0,0,0,0,0,0,0,0,0,0,0,0,10.5478,2161
3.046348511,0,0,0,0,0,0,0,1,1,0,0,0,0,0,0,0,0,0,0,0,0,6.68819,2162
2.748586527,0,0,0,1,0,0,0,0,0,0,0,1,0,0,0,0,1,0,0,0,0,3.43283,2163
2.843200897,0,0,0,0,0,0,0,0,0,0,0,1,0,0,0,0,1,0,0,0,0,0.00013,2164
3.376158857,0,0,0,1,0,0,1,0,0,0,0,0,0,0,0,0,0,0,0,0,0,0.00853,2165
3.423073028,0,0,0,0,0,0,1,0,0,0,0,0,0,0,0,1,0,0,1,0,0,1.93812,2166
2.84488421,1,0,0,0,0,0,0,0,0,0,0,1,0,0,0,0,0,0,0,0,0,16.6209,2167
3.473539746,0,0,0,0,0,0,1,0,0,0,0,0,0,1,0,1,0,0,0,0,0,0.84634,2168
3.130324969,0,0,0,1,0,0,0,0,0,0,0,0,0,0,0,0,0,0,0,0,0,0.22101,2169
2.945605544,1,1,0,1,0,0,0,0,0,0,0,0,0,0,0,0,0,0,0,0,0,2.08776,2170
3.349503983,0,0,0,1,0,0,1,0,0,0,0,0,0,0,0,1,0,0,0,0,0,0.01507,2171
3.128840158,0,0,0,1,0,0,0,0,0,0,0,0,0,0,0,0,0,0,0,0,0,0.00582,2172
3.386690617,1,1,0,0,0,0,1,0,1,0,0,0,0,0,1,0,0,0,0,0,0,2.41893,2173
3.543354306,0,0,1,0,0,0,1,1,1,0,0,0,0,0,0,0,0,0,0,0,0,3.26874,2876
3.504762006,0,0,0,0,0,0,1,0,0,0,0,0,0,1,0,0,0,0,0,0,0,1.50174,2877
2.894273547,0,0,0,0,0,0,0,0,0,0,0,1,0,0,0,0,0,0,0,0,0,0.06863,2878
2.972548536,1,1,0,1,1,0,0,0,0,0,0,0,0,0,0,0,0,0,1,0,0,6.19544,2879
2.983354202,1,1,0,1,0,0,0,0,0,0,0,0,0,0,0,0,0,0,0,0,0,7.55858,2880
3.5897571520000002,0,0,0,0,1,0,1,0,0,0,0,0,0,0,1,0,0,0,1,0,0,3.41408,2881
3.508919124,0,0,0,1,0,0,1,0,0,0,1,0,0,0,0,0,0,0,0,0,0,0.62596,2882
3.349474865,0,0,0,1,0,0,1,0,0,0,0,0,0,0,0,1,0,0,0,0,0,0.01085,2883
3.10214278,0,0,0,1,0,0,0,0,0,0,0,0,0,0,0,1,0,0,0,0,0,0.0062,2884
3.467731671,0,0,0,0,0,0,1,0,0,0,0,0,0,0,0,1,0,0,0,0,0,0.00459,2885
3.005495474,0,0,0,0,0,0,0,1,0,0,0,0,0,0,0,0,0,0,0,0,0,0.76746,2886
3.083968853,1,0,0,1,0,0,0,0,0,1,0,0,0,0,0,0,0,0,1,0,0,0.22737,2887
3.117329066,0,0,0,1,0,0,1,1,0,0,0,0,0,0,0,1,0,0,0,0,0,2.14914,2888
3.377554175,0,0,0,1,0,0,1,0,0,0,0,0,0,0,0,0,0,0,0,0,0,0.21075,2889
2.953629071,1,1,0,1,0,0,0,0,0,0,0,0,0,0,0,0,0,0,0,0,0,3.25059,2890
3.190755297,0,0,0,1,1,0,0,0,0,0,0,0,0,0,0,0,0,0,0,0,0,0.77613,2891
3.522306307,0,0,0,0,0,0,1,0,0,0,0,0,0,0,1,0,1,0,0,0,0,0.76903,2892
3.214574761,1,0,0,1,0,0,1,0,0,0,0,0,0,0,0,0,0,0,0,0,0,0.30069,2893
3.349560839,0,0,0,1,0,0,1,0,0,0,0,0,0,0,0,1,0,0,0,0,0,0.02331,2894
3.3494324300000002,1,0,0,0,0,0,0,0,0,0,0,0,0,0,0,0,0,0,0,1,1,0.0047,2896
3.551621057,0,0,0,1,0,0,1,0,0,1,0,0,0,1,0,0,0,0,0,0,0,0.04653,2897
2.979033117,0,0,0,0,0,0,0,0,0,0,0,1,0,0,1,0,0,0,0,0,0,1.74393,2898
3.090912606,1,1,1,0,0,0,0,1,0,0,0,0,0,0,0,0,0,0,0,0,0,2.17574,2899
3.041768563,0,0,0,0,0,0,1,0,0,0,0,1,0,0,0,0,1,0,1,0,0,1.34327,2900
2.91926721,0,0,0,0,0,0,0,0,0,0,0,1,0,0,0,0,0,0,0,0,0,3.6909,2901
2.851568639,0,0,0,0,0,0,0,0,0,0,0,1,0,0,0,0,0,0,1,0,0,2.28531,2902
2.854882226,0,0,0,0,0,0,0,0,0,0,0,1,0,0,0,0,0,0,1,0,0,2.76554,2903
3.4677100050000003,0,0,0,0,0,0,1,0,0,0,0,0,0,0,0,1,0,0,0,0,0,0.00145,2904
3.23338906,1,0,0,1,0,0,1,0,0,0,0,0,0,0,0,0,0,0,0,0,0,3.0274,2905
3.576568377,0,0,0,0,0,0,1,0,0,0,0,0,0,0,1,1,0,0,0,0,0,5.16933,2906
2.889029908,0,0,0,1,0,0,0,1,0,0,0,0,0,0,0,0,0,0,0,0,0,1.03332,2907
3.57461618,0,0,0,0,1,0,1,0,0,0,0,0,0,0,0,1,0,0,0,0,0,7.2922,2908
3.669624495,0,0,0,0,0,0,1,0,0,1,0,0,0,0,0,0,0,0,0,0,0,0.00355,2911
3.424680483,1,0,0,0,1,0,1,0,0,0,0,0,0,0,1,0,0,0,1,0,0,3.20007,2912
3.062851673,0,0,0,1,0,0,0,0,0,0,0,0,0,0,0,1,1,0,0,0,0,1.64517,2913
3.349680899,0,0,0,1,0,0,1,0,0,0,0,0,0,0,0,1,0,0,0,0,0,0.04071,2914
3.124601797,0,0,0,1,0,0,0,0,0,0,0,0,0,0,0,1,0,0,0,0,0,3.26113,2915
3.1128811,1,1,0,0,0,0,0,0,0,0,0,0,0,0,0,0,1,0,0,0,0,16.519,2916
3.4896066130000003,0,0,0,0,1,0,1,0,0,0,0,0,0,0,0,1,0,0,1,0,0,3.37777,2917
3.46521419,0,0,0,1,0,0,1,0,0,0,0,0,0,0,0,0,0,0,0,0,0,12.9151,2918
3.597691486,0,0,0,0,0,0,1,0,0,0,0,0,0,0,0,1,0,0,0,1,0,1.65094,2919
3.4753224990000002,0,0,0,0,0,0,1,0,0,0,0,0,0,0,0,1,0,0,0,0,0,1.10471,2920
3.412319714,0,0,0,0,0,0,0,0,0,0,0,0,0,0,0,0,0,0,0,0,1,2.59706,2921
3.497732984,1,0,0,0,0,0,1,0,0,0,0,0,0,0,0,0,0,0,0,0,1,2.84536,2922
3.128800138,0,0,0,1,0,0,0,0,0,0,0,0,0,0,0,0,0,0,0,0,0,0.00002,2923
2.986395903,1,0,0,1,0,0,0,0,0,0,0,0,0,0,0,0,0,0,0,0,0,3.07187,2924
3.525652515,0,0,0,0,0,0,1,0,0,0,0,0,0,0,0,0,0,0,0,0,0,4.52935,2925
3.105722369,0,0,0,1,0,0,1,1,0,0,0,0,0,1,0,1,0,0,0,0,0,0.46701,2926
3.486001698,0,0,0,0,0,0,1,0,0,0,0,0,0,0,0,1,0,0,0,0,0,2.65242,2927
3.495914619,0,0,0,0,0,0,1,0,0,0,0,0,0,0,0,0,0,0,0,0,0,0.21951,2928
3.601690054,0,0,0,0,0,0,1,0,0,0,1,0,0,0,0,1,0,0,0,0,0,0.79566,2929
3.437192935,0,0,0,1,1,0,1,0,1,0,0,0,0,0,0,0,0,0,0,0,0,0.65115,2931
3.480667446,0,0,0,0,0,0,1,0,0,0,0,0,0,0,0,1,0,0,0,0,0,1.87934,2932
3.674537295,0,0,0,0,0,0,1,0,0,1,0,0,0,0,0,0,0,0,0,0,0,0.71555,2933
3.1067142370000003,0,0,0,1,0,0,0,0,0,0,0,0,0,0,0,1,0,0,0,0,0,0.66873,2935
3.330304276,0,1,0,1,0,0,1,0,0,0,0,0,0,0,0,1,0,0,0,0,0,2.16004,2936
3.1180186450000003,0,0,0,1,0,0,0,0,0,0,0,0,0,0,0,1,0,0,0,0,0,2.30705,2937
3.619000345,0,0,0,0,0,0,1,0,0,1,0,0,0,0,0,0,1,0,0,0,0,0.00005,2938
3.523304366,0,0,0,0,0,0,1,0,0,0,0,0,0,0,1,0,0,0,1,0,0,1.98614,2939
3.422834564,0,0,0,0,0,0,1,0,0,0,0,0,0,0,0,1,0,0,1,0,0,1.90356,2940
3.349909935,0,0,0,0,0,0,0,0,0,0,0,0,0,1,0,1,0,0,0,1,0,1.58115,2941
3.4925138490000003,0,0,0,0,0,0,1,0,0,0,0,0,0,1,0,1,0,0,0,0,0,3.59621,2942
3.487931145,0,0,0,0,0,0,1,0,0,0,0,0,0,0,0,1,0,0,0,0,0,2.93205,2943
3.1858218910000002,1,1,0,0,0,0,0,0,0,0,0,0,0,0,0,0,0,0,0,1,0,2.56839,2944
3.509641952,0,0,0,0,0,0,1,0,0,0,0,0,0,0,1,0,0,0,1,0,0,0.00608,2945
3.130510441,0,0,0,1,0,0,0,0,0,0,0,0,0,1,0,0,0,0,0,0,0,0.24789,2946
3.1022484500000003,1,1,0,0,0,0,0,0,0,0,0,0,0,0,0,0,0,0,1,0,0,16.0505,2947
3.08343146,1,1,0,0,0,0,0,0,0,0,0,0,0,0,0,0,0,0,1,0,0,13.3234,2948
3.09471848,1,1,0,0,0,0,0,0,0,0,0,0,0,0,0,0,0,0,1,0,0,14.9592,2949
3.480805265,0,1,0,0,0,0,1,0,0,0,0,0,0,0,0,1,0,0,0,0,0,6.82685,2950
3.46366151,0,0,0,0,0,0,0,0,0,0,0,0,0,0,0,0,0,0,0,0,1,10.0379,2951
3.461243243,0,0,0,0,0,0,1,0,0,0,0,0,0,0,0,0,0,0,1,0,0,3.60047,2952
3.00920474,0,1,0,1,1,0,0,1,0,0,0,0,0,0,0,0,0,0,0,0,0,15.1746,2953
3.475428424,0,0,0,0,1,0,1,0,0,0,0,0,0,0,0,1,0,0,1,0,0,1.32296,2956
3.6572469,0,0,0,0,0,0,1,0,0,0,0,0,0,0,0,0,0,0,0,0,0,23.601,2959
3.367557143,0,0,0,1,0,0,1,0,0,0,0,0,0,0,0,1,0,0,0,0,0,2.63147,2961
3.110162029,0,0,0,1,0,0,0,0,0,0,0,0,0,0,0,1,0,0,0,0,0,1.16841,2962
3.556460039,0,0,0,0,1,0,1,0,0,0,0,0,0,0,0,0,0,0,0,0,0,0.79131,2963
3.37611587,0,0,0,1,0,0,1,0,0,0,0,0,0,0,0,0,0,0,0,0,0,0.0023,2964
2.84013734,0,0,0,0,0,0,0,0,0,0,0,1,0,0,0,0,0,0,1,0,0,0.6286,2965
3.514941369,0,0,0,0,0,0,1,0,0,0,0,0,0,0,0,0,0,0,0,0,0,2.97701,2966
3.083523246,0,0,0,0,0,0,1,0,0,0,0,1,0,0,0,0,0,0,1,0,0,0.06134,2967
2.825454553,0,1,0,1,0,0,0,1,1,0,0,0,0,0,0,0,1,0,0,0,0,4.08037,2968
3.652699932,0,0,0,0,0,0,1,0,0,1,0,0,0,0,0,1,0,0,0,0,0,1.42028,2969
3.3168271810000003,1,1,0,0,0,0,1,0,0,0,0,0,0,0,0,0,0,0,0,0,0,2.90249,2970
3.520320057,0,0,0,0,0,0,1,0,0,0,0,0,0,1,0,0,0,0,0,0,0,3.75653,2971
3.6195079420000003,0,0,0,0,0,0,1,0,0,0,0,0,0,0,0,0,0,0,0,1,0,0.94318,2972
3.393568523,0,0,0,1,0,0,1,0,0,0,0,0,0,0,0,0,0,0,0,0,0,2.53167,2973
2.841108032,0,0,0,0,0,0,0,0,0,0,0,1,0,0,0,0,0,0,1,0,0,0.76928,2974
3.3898168550000003,0,0,0,1,0,0,1,0,0,0,0,0,0,0,0,0,0,0,0,0,0,1.98795,2975
3.4604296640000003,0,0,0,0,0,0,1,0,0,0,0,0,0,0,0,0,0,0,1,0,0,3.48256,2976
3.377090771,0,0,0,1,0,0,1,0,0,0,0,0,0,0,0,0,0,0,0,0,0,0.14359,2977
3.123860323,0,0,0,1,0,0,0,0,0,0,0,0,0,0,0,1,0,0,0,0,0,3.15367,2978
3.469163904,0,0,0,0,0,0,1,0,0,0,0,0,0,0,0,1,0,0,0,0,0,0.21216,2979
3.1592999820000003,0,0,0,0,0,0,1,0,0,0,0,1,0,0,1,0,0,0,1,0,0,0.43478,2982
3.195997861,0,0,0,0,0,0,0,0,0,0,0,0,0,0,0,0,0,0,1,0,0,0.99969,2983
3.634843092,0,0,0,0,0,1,0,0,0,0,0,0,0,0,0,0,0,0,0,0,0,0.13668,2984
3.06990541,1,0,0,0,0,0,0,0,0,0,0,0,0,0,0,0,1,0,1,0,0,13.7689,2985
3.0495631910000003,1,1,0,0,1,0,0,0,0,0,0,0,0,0,0,0,1,0,1,0,0,7.54539,2986
3.30371007,0,0,1,1,1,0,0,1,1,0,0,0,0,0,0,0,0,0,0,0,0,13.3203,2987
3.378487331,0,0,0,1,0,0,1,0,0,0,0,0,0,0,0,0,0,0,0,0,0,0.34599,2988
3.392610941,0,0,0,1,0,0,1,0,0,0,0,0,0,0,0,0,0,0,0,0,0,2.39289,4500
2.734043397,0,0,0,1,0,0,0,0,1,0,0,1,0,0,0,0,1,0,0,0,0,1.32513,4501
2.886183244,0,0,0,1,0,0,0,1,0,0,0,0,0,0,0,0,0,0,0,0,0,0.62076,4502
3.467727324,0,0,0,0,0,0,1,0,0,0,0,0,0,0,0,1,0,0,0,0,0,0.00396,4503
2.7183,1,0,0,1,0,0,0,1,0,0,0,0,0,0,0,0,0,0,0,0,0,0,4504
3.223239633,0,0,0,0,0,0,1,1,0,0,0,0,0,0,0,1,0,0,0,0,0,0.35357,4505
3.426299637,1,0,0,0,1,0,1,0,0,0,0,0,0,0,1,0,0,0,1,0,0,3.43473,4506
3.513268326,0,0,0,0,0,0,1,0,0,0,0,0,0,0,0,0,0,0,0,0,0,2.73454,4508
3.153289618,0,0,0,1,0,0,0,0,0,0,0,0,0,0,0,0,0,0,0,0,0,3.54922,4509
3.092488865,0,0,0,1,0,0,0,0,1,0,0,0,0,0,0,0,1,0,0,0,0,2.07085,4511
3.133659394,0,0,0,1,0,0,0,0,0,0,0,0,0,0,0,0,0,0,0,0,0,0.70426,4512
2.893813869,0,0,0,0,0,0,0,0,0,0,0,1,0,0,0,0,0,0,0,0,0,0.00201,4514
3.633900069,0,0,0,0,0,1,0,0,0,0,0,0,0,1,0,0,0,0,0,0,0,0.00001,4515
3.133118227,0,0,0,1,0,0,0,0,0,0,0,0,0,0,0,0,0,0,0,0,0,0.62583,4516
2.836782146,0,0,0,0,0,0,0,0,0,0,0,1,0,0,0,0,0,0,1,0,0,0.14234,4517
2.782632392,0,0,0,1,0,0,0,0,0,0,0,1,0,0,0,0,0,0,0,0,0,1.03368,4518
3.3118327,0,1,1,0,0,0,0,1,0,0,0,0,0,0,0,0,0,0,0,0,0,10.483,4519
2.887404682,0,0,0,1,0,0,0,1,0,0,0,0,0,0,0,0,0,0,0,0,0,0.79778,4520
3.272800207,1,0,0,0,0,0,1,0,0,0,0,0,0,0,0,0,0,0,1,0,0,0.00003,4521
3.483352295,0,0,0,0,0,0,1,0,0,0,0,0,0,0,1,1,0,0,1,0,0,0.06555,4522
3.376610393,0,0,0,1,0,0,1,0,0,0,0,0,0,0,0,0,0,0,0,0,0,0.07397,4523
3.1892931250000003,1,0,0,1,0,0,1,0,0,0,0,0,0,0,0,1,0,0,0,0,0,0.50625,4524
3.138705571,0,0,0,1,0,0,0,0,0,0,0,0,0,0,0,0,0,0,0,0,0,1.43559,4525
3.098192198,0,0,0,1,0,0,0,0,0,0,0,0,0,0,0,0,1,0,0,0,0,2.89742,4526
3.467712075,0,0,0,0,0,0,1,0,0,0,0,0,0,0,0,1,0,0,0,0,0,0.00175,4527
3.384749633,0,0,0,1,0,0,1,0,0,0,0,0,0,0,0,0,0,0,0,0,0,1.25357,4529
3.0768451640000003,1,0,0,1,1,0,0,0,0,0,0,0,0,0,0,0,0,0,0,0,0,7.97756,4531
2.789453456,0,0,0,1,0,0,0,0,0,0,0,1,0,0,0,0,0,0,0,0,0,2.02224,4532
2.803584242,0,0,0,1,0,0,0,0,0,0,0,1,0,0,0,0,0,0,0,0,0,4.07018,4533
3.1973657380000002,1,1,0,0,0,0,1,1,0,0,0,0,0,0,0,0,0,0,0,0,1,0.02402,4534
3.453988466,1,0,0,0,0,0,1,0,0,0,0,0,0,0,0,1,0,0,0,0,1,0.37514,4535
3.494421114,0,0,0,0,0,0,1,0,0,0,0,0,0,0,0,0,0,0,0,0,0,0.00306,4537
3.132582442,0,0,0,1,0,0,0,0,0,0,0,0,0,0,0,0,0,0,0,0,0,0.54818,4540
2.838751751,0,0,0,0,0,0,0,0,0,0,0,1,0,0,0,0,0,0,1,0,0,0.42779,4541
3.060227371,1,1,0,0,1,0,0,0,0,0,0,0,0,0,0,0,0,0,1,0,0,1.75759,4543
3.109619571,0,0,0,1,0,0,1,1,0,0,0,0,0,0,0,0,1,0,0,0,0,4.49559,4544
2.862363386,0,0,0,1,0,0,0,1,0,0,0,0,0,0,0,0,1,0,0,0,0,4.50194,4545
2.845479734,0,0,0,0,0,0,0,0,0,0,0,1,0,0,0,0,0,0,1,0,0,1.40286,4546
2.858308516,0,0,0,0,0,0,0,0,0,0,0,1,0,0,0,0,1,0,0,0,0,2.18964,4552
2.6613955430000003,1,0,0,0,0,0,0,0,0,0,0,1,0,0,0,0,1,0,1,0,0,5.76747,4553
3.349401242,0,0,0,1,0,0,1,0,0,0,0,0,0,0,0,1,0,0,0,0,0,0.00018,4555
3.50456715,0,0,0,0,0,0,1,0,0,0,0,0,0,0,0,0,0,0,0,0,0,1.4735,4557
3.427723385,0,0,0,1,0,0,1,0,0,0,0,0,0,0,0,0,0,0,0,0,0,7.48165,4558
3.130077397,0,0,0,1,0,0,0,0,1,0,0,0,0,0,0,0,0,0,0,0,0,0.18513,4559
2.633940236,1,0,0,0,0,0,0,0,0,0,0,1,0,0,0,0,1,0,1,0,0,1.78844,4560
2.784425564,0,0,0,1,0,0,0,0,0,0,0,1,0,0,0,0,0,0,0,0,0,1.29356,4561
3.2180743880000002,0,0,0,1,1,0,0,0,0,0,0,0,0,0,1,0,0,0,1,0,0,2.53252,4562
3.0782004140000003,0,0,0,1,0,0,0,0,0,0,0,0,0,0,0,0,1,0,0,0,0,0.00006,4563
3.4964004810000002,0,0,0,0,0,0,1,0,1,0,0,0,0,0,0,1,0,0,0,0,0,4.15949,4564
3.0696466200000003,1,1,0,0,0,0,0,0,0,0,0,0,0,0,0,0,0,0,0,0,0,2.9198,4565
3.308545456,1,1,0,0,0,0,1,0,0,0,0,0,0,0,0,0,0,0,0,0,0,1.70224,4566
3.313844587,1,1,0,0,0,0,1,0,0,0,0,0,0,0,0,0,0,0,0,0,0,2.47023,4567
3.030198072,1,0,0,0,0,0,0,0,0,0,0,0,0,0,0,0,0,0,1,0,0,0.68088,4569
3.360551918,0,0,0,1,0,0,1,0,0,0,0,0,0,0,0,1,0,0,0,0,0,1.61622,4570
3.071174998,0,1,0,1,0,0,0,0,0,0,0,0,0,0,0,0,1,0,0,0,0,3.90942,4571
3.121880432,1,0,0,0,1,0,0,0,0,0,0,0,0,0,0,0,0,0,1,0,0,5.76528,4572
3.4699523670000003,0,0,0,0,0,0,1,0,0,0,0,0,0,0,0,1,0,0,0,0,0,0.32643,4573
3.0483243030000002,1,0,0,0,0,0,0,0,0,0,0,0,0,0,0,0,0,0,1,0,0,3.30787,4574
3.771367133,0,0,0,0,0,0,1,0,0,0,1,0,0,0,0,0,0,0,0,1,0,4.32857,4577
3.071025551,0,0,0,1,0,0,0,0,1,0,0,0,0,0,0,1,1,0,0,0,0,2.82979,4578
3.0647323220000002,1,0,0,0,0,0,0,0,0,0,0,0,0,0,0,0,1,0,0,0,0,4.61338,4580
3.495842169,0,0,0,0,0,0,1,0,0,0,0,0,0,0,0,0,0,0,0,0,0,0.20901,4581
3.051501311,0,0,0,1,0,0,0,0,1,0,0,0,0,0,0,1,1,0,0,0,0,0.00019,4584
3.147296761,0,0,0,1,0,0,0,0,0,0,0,0,0,0,0,0,0,0,0,0,0,2.68069,4585
3.581653782,0,0,0,0,0,0,1,0,0,0,0,0,0,0,1,0,0,0,0,0,0,2.03678,4586
3.320296329,0,0,0,1,0,0,1,0,0,0,0,0,0,0,0,1,1,0,0,0,0,3.11541,4587
3.436457063,0,0,0,0,0,0,1,0,0,0,0,0,0,1,0,0,0,0,1,0,0,0.00827,4588
3.496502016,0,0,0,0,0,0,1,0,0,0,0,0,0,1,0,0,0,0,0,0,0,0.30464,4589
3.349400069,0,0,0,1,0,0,1,0,0,0,0,0,0,0,0,1,0,0,0,0,0,0.00001,4590
3.118292568,0,1,0,1,0,0,0,0,1,0,0,0,0,0,0,0,0,0,0,0,0,3.40472,4591
3.227430644,1,0,0,1,1,0,1,0,0,0,0,0,0,0,0,0,0,0,1,0,0,2.36676,4593
3.7492311050000002,0,0,0,0,0,0,1,0,0,0,1,0,0,0,0,0,0,0,0,1,0,1.12045,4595
3.494957796,0,0,0,0,0,0,1,0,0,0,0,0,0,0,0,0,0,0,0,0,0,0.08084,4597
3.131305045,0,0,0,1,0,0,0,0,0,0,0,0,0,0,0,0,0,0,0,0,0,0.36305,4598
3.500334207,0,0,0,0,0,0,1,0,0,0,0,0,0,0,0,0,0,0,0,0,0,0.86003,4599
3.349400207,0,0,0,1,0,0,1,0,0,0,0,0,0,0,0,1,0,0,0,0,0,0.00003,4600
3.217667972,1,0,0,1,1,0,1,0,0,0,0,0,0,0,0,0,0,0,1,0,0,0.95188,4602
2.9447007540000003,1,0,0,1,0,0,0,0,0,0,0,0,0,0,0,1,0,0,0,0,0,0.89866,4603
3.31006786,0,0,0,1,0,0,0,0,1,1,0,0,0,0,0,0,0,0,0,0,0,0.8794,4605
3.329924262,1,0,0,0,1,0,1,0,0,0,0,0,0,0,0,0,0,0,1,0,0,0.07598,4608
3.4987379610000002,0,0,0,0,0,0,1,0,0,0,0,0,0,0,0,0,0,0,0,0,0,0.62869,4609
3.0492580570000003,1,0,0,1,1,0,0,0,0,0,0,0,0,0,1,0,0,0,1,0,0,1.77653,4610
3.560232062,0,0,0,0,1,0,1,0,0,0,0,0,0,0,0,0,0,0,0,0,0,1.33798,4611
3.494447955,0,0,0,0,0,0,1,0,0,0,0,0,0,0,0,0,0,0,0,0,0,0.00695,4612
3.019345558,1,1,0,1,1,0,0,0,0,0,0,0,0,0,0,0,0,0,0,0,0,4.57182,4613
3.07108002,1,0,0,0,0,0,0,0,0,0,0,0,0,0,0,0,0,0,1,0,0,6.6058,4614
3.509631129,0,0,0,0,0,0,1,0,0,0,0,0,0,0,0,0,0,0,0,0,0,2.20741,4615
3.494799096,0,0,0,0,0,0,1,0,0,0,0,0,0,0,0,0,0,0,0,0,0,0.05784,4616
3.129474682,0,0,0,1,0,0,0,0,0,0,0,0,0,0,0,0,0,0,0,0,0,0.09778,4617
2.614114216,1,1,0,0,0,0,0,0,0,0,0,1,0,0,0,0,1,0,1,0,0,3.84264,4618
2.861389569,0,1,0,1,0,0,0,1,1,0,0,0,0,0,0,0,0,0,0,0,0,1.95501,4619
3.340413737,1,1,0,0,1,0,1,0,0,0,0,0,0,0,0,0,0,0,1,0,0,6.52373,4620
3.138336937,0,0,0,1,0,0,0,0,0,0,0,0,0,0,0,1,0,0,0,0,0,5.25173,4621
3.1051542850000002,0,0,0,1,0,0,0,0,0,0,0,0,0,0,0,1,0,0,0,0,0,0.44265,4622
3.153387184,0,0,0,1,0,0,0,0,0,0,0,0,0,0,0,0,0,0,0,0,0,3.56336,4623
3.130723237,0,0,0,1,0,0,0,0,0,0,0,0,0,1,0,0,0,0,0,0,0,0.27873,4624
3.46634712,0,0,0,0,0,0,1,0,0,0,0,0,0,0,1,0,1,0,1,0,0,1.0648,4625
3.201658664,1,0,0,0,0,0,1,0,0,0,0,0,0,0,0,1,1,0,1,0,0,0.89256,4626
3.128802691,0,0,0,1,0,0,0,0,0,0,0,0,0,0,0,0,0,0,0,0,0,0.00039,4627
3.364022135,0,0,0,1,0,0,1,0,0,0,0,0,0,0,0,1,0,0,0,0,0,2.11915,4628
3.2499605430000003,1,1,0,0,0,0,1,0,0,0,0,0,0,0,0,0,0,0,1,0,0,1.61747,4629
3.042446797,1,1,0,0,0,0,0,0,0,0,0,0,0,0,0,0,1,0,0,0,0,6.31113,6959
3.491685849,0,0,0,0,0,0,1,0,0,0,0,0,0,0,0,1,0,0,0,0,0,3.47621,6961
3.633919803,0,0,0,0,0,1,0,0,0,0,0,0,0,0,0,0,0,0,0,0,0,0.00287,6963
3.131415361,1,0,0,0,1,0,0,0,0,0,0,0,0,0,0,0,1,0,0,0,0,6.07469,6966
2.790864979,0,0,0,1,0,0,0,0,0,0,0,1,0,0,1,0,0,0,1,0,0,0.02391,6967
3.15848488,1,0,0,0,0,0,0,0,0,1,0,0,0,0,0,0,1,0,1,0,0,1.2152,6969
3.103846597,0,0,0,1,0,0,0,0,0,0,0,0,0,0,0,1,0,0,0,0,0,0.25313,6970
3.618509453,0,0,0,0,0,0,1,0,0,1,0,0,0,0,0,0,0,0,1,0,0,1.00137,6971
3.420064421,0,0,0,0,0,0,1,0,0,0,0,0,0,0,0,1,0,0,1,0,0,1.50209,6973
3.186421338,0,0,0,1,1,0,0,0,0,0,0,0,0,0,0,0,0,0,0,0,0,0.14802,6974
3.1059619080000003,0,0,0,0,0,0,1,0,0,0,0,1,0,0,0,0,0,0,1,0,0,3.31332,6975
2.908324086,0,0,0,0,0,0,0,0,0,0,0,1,0,0,0,0,0,0,0,0,0,2.10494,6976
3.499191853,0,0,0,0,1,0,1,0,0,0,0,0,0,0,0,0,0,0,1,0,0,0.89737,6977
3.133644145,0,0,0,1,0,0,0,0,0,0,0,0,0,0,0,0,0,0,0,0,0,0.70205,6978
3.1795696280000003,0,0,0,0,0,0,0,0,0,0,0,0,0,0,0,0,1,0,1,0,0,5.95212,6979
2.888247793,0,0,0,1,0,0,0,1,0,0,0,0,0,0,0,0,0,0,0,0,0,0.91997,6980
3.494446989,0,0,0,0,0,0,1,0,0,0,0,0,0,0,0,0,0,0,0,0,0,0.00681,6981
3.654157828,0,0,0,0,0,0,1,0,0,0,1,0,0,0,0,0,0,0,0,0,0,4.53012,6982
3.47685078,0,0,0,0,0,0,1,0,0,0,0,0,0,0,0,1,0,0,0,0,0,1.3262,6983
3.330833327,1,0,0,0,0,0,1,0,0,0,0,0,0,0,0,0,0,0,0,0,0,0.00483,6984
3.634499314,0,0,0,0,0,0,1,0,0,0,1,0,0,0,0,0,0,0,0,0,0,1.68106,6985
3.465332465,0,1,0,0,0,0,1,0,0,0,0,0,0,0,0,0,0,0,0,0,0,0.71485,6986
3.156196865,0,0,0,0,1,0,1,0,0,0,0,1,0,0,0,0,0,0,1,0,0,2.39085,6987
3.474870618,0,0,0,0,0,0,1,0,0,0,0,0,0,0,0,1,0,0,0,0,0,1.03922,6988
3.522230746,0,0,0,0,1,0,1,0,0,0,0,0,0,0,0,0,0,0,1,0,0,4.23634,6989
3.483379356,0,1,0,0,1,0,1,0,0,0,0,0,0,0,0,0,0,0,1,0,0,3.53324,6990
3.28927096,1,1,0,0,0,0,1,0,0,0,0,0,0,0,0,1,0,0,0,0,0,2.7784,6991
3.3239855620000003,0,0,0,1,0,0,1,0,0,0,0,0,0,0,0,0,0,0,1,0,0,0.85298,6992
3.395428142,0,0,0,1,0,0,1,0,0,0,0,0,0,0,0,0,0,0,0,0,0,2.80118,6993
3.055335889,1,1,0,1,1,0,0,0,0,0,0,0,0,0,0,0,0,0,0,0,0,9.78781,6994
2.887998801,1,1,0,1,0,0,0,0,1,0,0,0,0,0,0,0,1,0,0,0,0,1.07229,6995
3.0559943,1,0,0,0,0,0,0,0,1,0,0,0,0,0,0,0,1,0,0,0,0,3.347,6996
3.456345239,0,0,0,0,1,0,0,0,0,0,1,0,0,0,0,0,0,0,0,0,0,3.49931,6997
3.50847393,0,0,0,0,0,0,1,0,0,0,0,0,0,0,0,0,0,0,0,0,0,2.0397,6998
3.113203618,0,0,0,1,0,0,0,0,0,0,0,0,0,0,0,1,0,0,0,0,0,1.60922,6999
2.967379943,1,1,0,1,0,0,0,0,0,0,0,0,0,0,0,0,0,0,0,0,0,5.24347,7000
2.8788288300000002,0,0,0,0,0,0,0,0,0,0,0,1,0,0,1,0,1,0,1,0,0,2.9607,7001
3.350565206,0,0,0,1,0,0,1,0,0,0,0,0,0,0,1,0,1,0,1,0,0,1.42974,7003
2.925670127,1,0,0,1,0,0,0,0,0,0,0,0,0,0,0,0,0,0,1,0,0,2.67683,7004
2.90451544,0,0,0,1,0,0,0,1,0,0,0,0,0,0,0,0,0,0,0,0,0,3.2776,7005
2.94584872,1,1,0,1,0,0,0,0,0,0,0,0,0,0,0,0,0,0,1,0,0,10.5288,7007
3.5377826100000003,0,0,0,0,0,0,1,0,0,0,0,0,0,0,0,1,0,0,0,0,0,10.1569,7008
3.5030611560000002,0,0,0,0,0,0,1,0,0,0,0,0,0,0,0,0,0,0,0,0,0,1.25524,7009
3.493470258,0,0,0,0,0,0,1,0,0,0,0,0,0,0,0,1,0,0,0,0,0,3.73482,7010
3.33002872,0,0,0,1,0,0,1,0,0,0,0,0,0,0,0,0,0,0,1,0,0,1.7288,7011
3.068553143,0,0,0,1,0,0,0,0,1,0,0,0,0,0,0,1,1,0,0,0,0,2.47147,7012
3.27144528,0,0,0,0,1,0,0,0,0,0,0,0,0,0,0,0,0,0,1,0,0,3.7312,7013
3.265487337,1,1,0,0,0,0,1,0,0,0,0,0,0,0,0,0,0,0,1,0,0,3.86773,7014
3.102101449,0,0,0,1,0,0,0,0,0,0,0,0,0,0,0,1,0,0,0,0,0,0.00021,7015
3.37110497,1,0,0,0,0,0,1,0,0,0,0,0,0,0,0,0,0,0,0,0,0,5.8413,7016
3.004335932,1,1,0,0,0,0,0,0,0,0,0,0,0,0,0,0,0,0,1,0,0,1.86028,7017
3.59687947,0,0,0,0,1,0,1,0,0,0,0,0,0,0,1,0,0,0,1,0,0,4.4463,7018
3.1670198000000003,1,0,0,1,0,0,1,0,0,0,0,0,0,0,0,0,1,0,0,0,0,0.742,7019
3.499443417,0,0,0,0,0,0,1,0,0,0,0,0,0,0,0,0,0,0,0,0,0,0.73093,7020
3.264322998,0,0,0,1,1,0,0,0,0,0,0,0,0,0,1,0,0,0,0,0,0,0.82942,7021
3.44773576,0,1,0,0,0,0,1,0,0,0,0,0,0,0,0,0,0,0,1,0,0,6.5704,7022
3.358442795,0,0,0,1,0,0,1,0,0,0,0,0,0,0,0,1,0,0,0,0,0,1.31055,7023
3.551041686,0,0,0,0,0,0,1,0,0,0,0,0,0,0,0,0,0,0,0,0,0,8.20894,7024
3.630309703,0,0,0,0,0,0,1,0,0,0,1,0,0,0,0,0,0,0,0,0,0,1.07387,7025
3.144141184,0,0,0,1,0,0,0,0,0,0,0,0,0,0,0,0,0,0,0,0,0,2.22336,7026
3.5458046530000003,1,0,0,0,1,0,1,0,0,0,0,0,0,0,0,0,0,0,0,0,1,1.60937,7027
3.1957620060000003,0,0,0,1,1,0,0,0,0,0,0,0,0,0,0,0,0,0,0,0,0,1.50174,7028
2.856308275,0,0,0,0,0,0,0,0,0,0,0,1,0,0,0,0,1,0,0,0,0,1.89975,7029
3.503010717,0,0,0,0,0,0,1,0,0,0,0,0,0,0,0,0,0,0,0,0,0,1.24793,7030
3.3460585320000003,1,0,0,0,1,0,1,0,0,0,0,0,0,0,0,0,0,0,1,0,0,2.41428,7031
3.536548121,0,0,0,0,1,0,1,0,0,0,0,0,0,0,0,1,0,0,0,0,0,1.77509,7032
3.1479394960000002,0,0,0,1,0,0,0,0,0,0,0,0,0,0,0,0,0,0,0,0,0,2.77384,7033
3.565399217,0,0,0,1,0,0,1,0,0,1,0,0,0,0,0,1,0,0,0,0,0,5.91293,7034
3.040418559,1,0,0,0,0,0,0,0,0,0,0,0,0,1,0,0,0,0,1,0,0,2.16211,7035
3.130167682,0,0,0,1,0,0,0,0,1,0,0,0,0,0,0,1,0,0,0,0,0,4.06778,7036
3.3592399520000003,0,0,0,1,0,0,1,0,0,0,0,0,0,0,0,1,0,0,0,0,0,1.42608,7037
3.4697755200000002,0,0,0,0,0,0,1,0,0,0,0,0,0,0,0,1,0,0,0,0,0,0.3008,7038
3.128992327,1,1,0,0,1,0,0,0,0,0,0,0,0,0,1,0,0,0,1,0,0,1.11483,7039
3.096352157,1,0,0,0,1,0,0,0,0,0,0,0,0,0,0,0,0,0,1,0,0,2.06553,7040
2.984059218,1,0,0,1,0,0,0,0,0,0,0,0,0,0,0,0,0,0,0,0,0,2.73322,7041
3.492633702,0,0,0,0,0,0,1,0,0,0,0,0,0,0,0,1,0,0,0,0,0,3.61358,7042
3.499003266,0,0,0,0,0,0,1,0,0,0,0,0,0,0,0,0,0,0,0,0,0,0.66714,7043
3.1703362850000003,0,0,0,1,1,0,0,0,0,0,0,0,0,0,0,0,0,0,1,0,0,6.22265,7044
2.891055137,0,1,0,0,0,0,0,0,1,0,0,1,0,0,0,0,0,0,0,0,0,4.52973,7045
2.785803425,0,0,0,1,0,0,0,0,1,0,0,1,0,0,0,0,0,0,0,0,0,1.49325,7046
3.3438279,1,0,0,0,1,0,1,0,0,0,0,0,0,0,0,0,0,0,1,0,0,2.091,7047
2.93814899,1,1,0,1,0,0,0,0,0,0,0,0,0,0,0,0,0,0,0,0,0,1.0071,7048
3.1021113160000002,0,0,0,1,0,0,0,0,0,0,0,0,0,1,0,1,0,0,0,0,0,0.00164,7050
3.105032086,0,0,0,1,0,0,0,0,0,0,0,0,0,0,0,1,0,0,0,0,0,0.42494,7051
3.23359398,0,0,0,0,0,0,1,1,0,0,0,0,0,0,0,1,0,0,0,0,0,1.8542,7054
3.106947733,0,0,0,1,0,0,0,0,0,0,0,0,0,1,0,1,0,0,0,0,0,0.70257,7055
3.391891969,1,0,0,0,1,0,1,0,0,0,0,0,0,0,0,0,0,0,0,0,0,0.65101,7056
3.051703067,0,0,0,1,0,0,0,0,1,0,0,0,0,0,0,1,1,0,0,0,0,0.02943,7057
2.881914697,0,0,0,1,0,0,0,1,0,0,0,0,0,0,0,0,0,0,0,0,0,0.00213,7058
3.2475213210000002,0,0,0,0,0,0,1,1,0,0,0,0,0,0,0,0,0,0,0,0,0,0.00309,7059
3.636231421,0,0,0,0,0,0,1,0,0,0,1,0,0,1,0,0,0,0,0,0,0,1.93209,7060
3.488206041,0,0,0,0,0,0,1,0,0,0,0,0,0,0,0,1,0,0,0,0,0,2.97189,7061
3.515484399,0,0,0,0,0,0,1,0,0,0,0,0,0,0,0,0,0,0,0,0,0,3.05571,7062
3.6064074390000003,0,1,0,0,0,0,1,0,0,0,1,0,0,0,0,0,0,0,0,0,0,2.53731,7063
3.486246924,0,0,0,0,0,0,1,0,1,0,0,0,0,0,0,1,0,0,0,0,0,2.68796,7064
3.629171065,0,0,0,0,0,0,1,0,0,0,1,0,0,0,0,0,0,0,0,0,0,0.90885,7065
3.5567964020000002,0,0,0,1,0,0,1,0,1,1,0,0,0,0,0,0,0,0,0,0,0,0.79658,7067
3.483738222,0,0,0,0,0,0,1,0,0,0,0,0,0,0,0,1,0,0,0,0,0,2.32438,7068
3.761165345,0,0,0,0,0,0,1,0,0,0,1,0,0,0,0,0,0,0,0,1,0,2.85005,7069
3.2486930110000003,1,0,0,0,0,0,0,0,0,0,0,0,0,0,0,0,0,0,0,0,1,2.59319,7070
3.49877184,0,0,0,0,0,0,1,0,0,0,0,0,0,0,0,0,0,0,0,0,0,0.6336,7071
3.40221523,0,0,1,1,0,0,0,0,0,0,0,0,0,0,0,0,0,0,0,0,0,0.0167,32562
3.633934707,0,0,0,0,0,1,0,0,0,0,0,0,0,0,0,0,0,0,0,0,0,0.00503,32582
3.503067021,0,0,0,0,0,0,1,0,0,0,0,0,0,0,0,0,0,0,0,0,0,1.25609,32584
3.2072749700000003,1,0,0,0,1,0,0,0,0,0,0,0,0,0,0,0,0,0,1,0,0,18.1413,32587
3.112858204,0,0,0,1,0,0,0,0,0,0,0,0,0,0,0,1,0,0,0,0,0,1.55916,32589
3.384946283,0,0,0,1,0,0,1,0,0,0,0,0,0,0,0,0,0,0,0,0,0,1.28207,32591
3.29005917,1,1,0,1,0,0,1,0,0,0,0,0,0,0,1,0,0,0,0,0,0,5.5593,32596
3.3876482180000003,0,0,0,1,0,0,1,0,0,0,0,0,0,0,0,1,0,0,0,0,0,5.54322,32598
3.1292899690000002,0,0,0,1,0,0,0,0,0,0,0,0,0,0,0,0,0,0,0,0,0,0.07101,32627
3.777808224,0,0,1,0,0,0,1,0,0,0,0,0,0,0,0,0,0,0,0,0,0,1.46496,32657
3.585316534,1,0,0,0,0,0,1,0,0,0,1,0,0,0,0,0,0,0,0,1,0,1.07486,32721
3.088458471,0,0,0,0,0,0,1,0,0,0,0,1,0,0,0,0,0,0,1,0,0,0.77659,32743
3.4972381770000003,0,0,0,0,0,0,1,0,0,0,0,0,0,0,0,0,0,0,0,0,0,0.41133,32770
3.0530488360000003,0,1,0,1,0,0,0,0,0,0,0,0,0,0,0,0,1,0,0,0,0,1.28244,32825
3.785908755,0,0,1,0,0,0,1,0,1,0,0,0,0,0,0,0,0,0,0,0,0,2.63895,32840
4.056213662,0,0,0,0,0,1,0,0,0,1,1,0,0,0,0,0,0,0,0,1,0,0.00198,32853
3.6289003600000003,0,0,0,0,0,0,1,0,0,0,0,0,0,0,0,0,0,0,0,1,0,2.3044,32892
3.178882808,0,1,0,0,0,0,0,0,1,0,0,0,0,0,0,0,1,0,0,0,0,2.37432,32898
3.3815607290000003,0,0,0,1,0,0,1,0,0,0,0,0,0,0,0,0,0,0,0,0,0,0.79141,32943
2.87452756,0,1,0,1,0,0,0,1,0,0,0,0,0,0,0,0,1,0,0,0,0,11.1924,33004
3.374018984,1,1,0,0,1,0,1,0,0,0,0,0,0,0,1,0,0,0,1,0,0,0.78536,33036
3.639424761,0,0,0,0,0,1,0,0,0,0,0,0,0,0,0,0,0,0,0,0,0,0.80069,33072
3.151495077,0,0,0,0,0,0,1,0,0,0,0,1,0,0,0,0,0,0,1,0,0,9.91233,33085
3.519173001,0,0,0,0,0,0,1,0,0,0,0,0,0,0,0,0,0,0,0,0,0,3.59029,33124
3.3762135740000003,0,0,0,1,0,0,1,0,0,0,0,0,0,0,0,0,0,0,0,0,0,0.01646,33138
3.406292777,0,0,0,1,0,0,1,0,0,0,0,0,0,0,0,1,0,0,0,0,0,8.24533,33145
3.65012466,0,0,0,0,0,1,0,0,0,0,0,0,0,0,0,0,0,0,0,0,0,2.3514,33154
3.1790647400000003,1,1,0,0,1,0,0,0,0,0,0,0,0,0,0,0,0,0,0,0,0,10.5746,33158
3.61455117,1,1,0,0,0,0,1,0,0,0,1,0,0,0,0,0,0,0,0,1,0,10.2393,33162
2.9749440000000003,0,0,0,0,0,0,0,0,0,0,0,1,0,0,0,0,0,0,0,0,0,11.76,33164
3.538298007,0,0,0,0,0,0,1,0,0,0,0,0,0,0,0,0,0,0,0,0,0,6.36203,33166
3.511344123,0,0,0,0,0,0,1,0,0,0,0,0,0,0,0,0,0,0,0,0,0,2.45567,33171
3.50528958,0,0,0,0,0,0,1,0,0,0,0,0,0,0,0,0,0,0,0,0,0,1.5782,33288
3.128814283,0,0,0,1,0,0,0,0,0,0,0,0,0,0,0,0,0,0,0,0,0,0.00207,33312
3.496029987,0,0,0,0,0,0,1,0,0,0,0,0,0,0,0,0,0,0,0,0,0,0.23623,33358
3.413880283,0,0,0,1,1,0,1,0,0,0,0,0,0,0,0,1,0,0,0,0,0,1.14207,33421
3.182318616,1,0,0,0,1,0,0,0,0,0,0,0,0,0,0,0,0,0,0,0,0,6.11864,33437
3.380838506,0,0,0,1,0,0,1,0,0,0,0,0,0,0,0,0,0,0,0,0,0,0.68674,33451
3.149757789,0,1,1,1,0,0,0,1,1,0,0,0,0,0,0,0,0,0,0,0,0,4.13881,33463
3.18683944,1,1,0,0,0,0,0,0,0,0,0,0,0,0,0,0,1,0,0,0,0,27.2376,33493
2.892469282,0,0,0,1,0,0,0,1,0,0,0,0,0,0,0,0,0,0,0,0,0,1.53178,33495
3.130794133,0,0,0,1,0,0,0,0,0,0,0,0,0,0,0,1,0,0,0,0,0,4.15857,33499
3.652419117,0,0,0,0,0,1,0,0,0,0,0,0,0,0,0,0,0,0,0,0,0,2.68393,33539
3.303131371,1,1,0,0,0,0,1,0,0,0,0,0,0,0,0,0,0,0,0,0,0,0.91759,33558
3.314394505,0,0,0,1,0,0,0,0,0,1,0,0,0,0,0,0,0,0,0,0,0,1.50645,33564
3.5469837600000003,0,0,0,0,0,0,1,0,0,0,0,0,0,1,0,1,0,0,0,0,0,11.4904,33585
3.4650032900000003,0,0,1,0,0,0,0,1,0,0,0,0,0,0,0,0,0,0,0,0,0,27.7541,33615
3.652126128,0,0,0,0,0,0,1,0,0,1,0,0,0,0,0,1,0,0,0,0,0,1.33712,33621
3.387055614,0,0,0,0,0,1,0,1,0,0,0,0,0,0,0,0,0,0,0,0,0,0.00806,33639
3.121988952,0,0,0,0,0,0,1,0,0,0,0,1,0,0,0,0,0,0,1,0,0,5.63608,33644
3.44516348,0,0,0,1,0,0,1,0,0,0,0,0,0,0,0,0,0,0,0,0,0,10.0092,33646
3.103770421,0,0,0,1,0,0,0,0,0,0,0,0,0,0,0,1,0,0,0,0,0,0.24209,33649
3.6151640290000002,0,0,0,0,0,0,1,0,0,0,1,0,0,0,0,1,0,0,0,0,0,2.74841,33660
3.1146920170000003,0,1,0,1,0,0,1,1,0,0,0,0,0,0,0,0,0,0,0,0,0,2.82493,33669
3.341032079,1,0,0,0,0,0,1,0,0,0,0,0,0,0,0,0,0,0,0,0,0,1.48291,33672
3.4703307050000003,1,0,0,0,0,1,0,0,0,0,0,0,0,1,0,0,0,0,0,0,0,0.00445,33677
3.214853265,1,0,0,1,0,0,1,0,0,0,0,0,0,0,0,0,0,0,1,0,0,8.74685,33679
2.8451769330000003,1,1,0,0,0,0,0,1,1,0,0,0,0,0,0,0,0,0,0,0,0,6.17057,33681
2.932017503,0,0,0,0,0,0,0,0,0,0,0,1,0,0,1,0,0,0,1,0,0,3.33587,33683
3.47645127,0,0,0,0,0,0,1,0,0,0,0,0,0,0,0,1,0,0,0,0,0,1.2683,33722
3.38921966,0,0,0,1,0,0,1,0,0,0,0,0,0,1,0,0,0,0,0,0,0,1.9014,33725
3.304158838,0,0,0,1,0,0,0,0,0,1,0,0,0,0,0,0,0,0,0,0,0,0.02302,33779
3.6372986800000002,1,0,0,0,1,0,1,0,0,0,0,0,0,0,0,0,0,0,0,0,0,36.2172,33794
3.123718535,0,0,0,1,0,0,1,1,0,0,0,0,0,0,0,1,0,0,0,0,0,3.07515,33815
3.427984724,0,0,0,0,0,0,1,0,0,0,0,0,0,0,0,1,0,0,1,0,0,2.64996,33817
3.468040722,0,0,0,0,0,0,1,0,0,0,0,0,0,0,0,1,0,0,0,0,0,0.04938,33819
3.377119958,0,0,0,1,0,0,1,0,0,0,0,0,0,0,0,0,0,0,0,0,0,0.14782,33826
2.8658498310000002,0,1,0,1,0,0,0,1,1,0,0,0,0,0,0,1,0,0,0,0,0,6.47099,33830
2.9371188900000003,0,0,0,0,0,0,0,0,0,0,0,1,0,0,0,0,0,0,0,0,0,6.2781,33834
3.1351498270000002,0,0,0,1,0,0,0,0,1,0,0,0,0,0,0,1,0,0,0,0,0,4.78983,33836
3.633965964,0,0,0,0,0,1,0,0,0,0,0,0,0,0,0,0,0,0,0,0,0,0.00956,33838
3.35351585,0,0,0,1,0,0,1,0,0,0,0,0,0,0,0,1,0,0,0,0,0,0.5965,33880
3.307099904,0,0,0,1,1,0,0,0,0,1,0,0,0,0,0,0,0,0,1,0,0,0.65216,33893
2.9080266960000003,0,0,0,0,0,0,0,0,0,0,0,1,0,0,0,0,0,0,0,0,0,2.06184,33896
3.3924729410000003,0,0,0,1,0,0,1,0,0,0,0,0,0,0,0,0,0,0,0,0,0,2.37289,33903
2.7183237360000003,1,0,0,1,0,0,0,1,0,0,0,0,0,0,0,0,0,0,0,0,0,0.00344,33966
3.22435162,0,1,0,0,0,0,0,0,0,0,0,0,0,0,0,0,1,0,1,0,0,17.3698,34048
3.409854249,0,0,0,0,0,1,0,1,0,0,0,0,0,0,0,0,0,0,0,0,0,3.31221,34072
3.107432436,0,0,0,0,0,0,1,0,0,0,0,1,0,0,0,0,0,0,1,0,0,3.52644,34143
3.45399569,0,0,0,0,0,0,1,0,0,0,0,0,0,0,0,0,0,0,1,0,0,2.5501,34148
3.1218352300000003,1,1,0,0,0,0,0,0,1,0,0,0,0,0,0,0,1,0,0,0,0,17.8167,34150
3.633959547,0,0,0,0,0,1,0,0,0,0,0,0,0,0,0,0,0,0,0,0,0,0.00863,34153
3.495088689,0,0,0,0,0,0,1,0,0,0,0,0,0,1,0,0,0,0,0,0,0,0.09981,34155
3.1674857800000003,0,0,0,1,0,0,0,0,0,0,0,0,0,0,0,1,0,0,0,0,0,9.4762,34162
3.368759675,0,0,0,1,0,0,1,0,0,0,0,0,0,0,0,1,0,0,0,0,0,2.80575,34164
3.370838093,0,0,0,1,0,0,1,0,0,0,0,0,0,0,0,1,0,0,0,0,0,3.10697,34198
3.516299565,0,0,0,0,0,0,1,0,0,0,0,0,0,0,0,0,0,0,0,0,0,3.17385,34271
2.8068889080000003,0,0,0,0,0,0,0,0,0,0,0,1,0,0,0,0,1,0,1,0,0,3.14332,34292
3.006875868,1,1,0,0,0,0,0,0,0,0,0,0,0,0,0,0,1,0,1,0,0,9.56172,34319
2.8881385660000003,0,0,0,1,0,0,0,1,0,0,0,0,0,0,0,0,0,0,0,0,0,0.90414,34321
3.245210226,0,0,0,0,1,0,1,0,0,0,0,1,0,0,0,0,0,0,0,0,0,6.88554,34323
3.497907063,0,0,0,0,0,0,1,0,0,0,0,0,0,0,0,0,0,0,0,0,0,0.50827,34326
2.880364362,0,1,0,1,0,0,0,1,0,0,0,0,0,0,0,0,0,0,0,0,0,4.70498,34332
3.115570993,1,0,0,0,0,0,0,0,0,0,0,0,0,0,0,0,0,0,0,0,0,4.64797,34334
3.1162142950000002,0,0,0,1,0,0,0,0,0,0,0,0,0,0,0,1,0,0,0,0,0,2.04555,34336
3.518083655,0,0,0,1,0,1,0,0,0,0,0,0,0,0,0,0,0,0,0,0,0,0.35995,34338
3.3494189750000003,0,0,0,1,0,0,1,0,0,0,0,0,0,0,0,1,0,0,0,0,0,0.00275,34359
3.01603824,1,1,0,0,0,0,0,0,0,0,0,0,0,0,0,0,1,0,1,0,0,10.8896,34405
3.487126178,0,0,0,1,0,0,1,0,0,0,0,0,0,0,1,1,0,0,0,0,0,9.35162,34437
3.4944113850000003,0,0,0,0,0,0,1,0,0,0,0,0,0,0,0,0,0,0,0,0,0,0.00165,34482
3.354312662,0,0,0,1,0,0,1,0,0,0,0,0,0,0,0,1,0,0,0,0,0,0.71198,56715
3.23342959,0,0,0,0,0,0,1,0,0,0,0,1,0,1,0,0,0,0,0,0,0,13.3811,56757
3.14032607,1,1,0,0,0,0,0,0,0,0,0,0,0,0,1,0,0,0,1,0,0,10.9603,56775
3.542199198,0,0,0,0,0,0,1,0,0,0,0,0,0,0,0,0,0,0,0,0,0,6.92742,56782
3.525121704,0,0,0,1,0,0,1,0,0,0,1,0,0,0,0,0,0,0,0,0,0,2.97416,56788
2.71304639,1,0,0,0,0,0,0,0,1,0,0,1,0,0,0,0,1,0,1,0,0,13.2531,56801
3.151248598,0,0,0,1,0,0,0,0,0,0,0,0,0,1,0,0,0,0,0,0,0,3.25342,56805
3.513402945,0,0,0,0,0,0,1,0,0,0,0,0,0,0,0,0,0,0,0,0,0,2.75405,56885
3.359098019,0,0,0,1,0,0,1,0,0,0,0,0,0,0,0,1,0,0,0,0,0,1.40551,56908
3.013748935,0,1,0,0,0,0,0,1,1,0,0,0,0,0,0,0,0,0,0,0,0,6.89115,56915
3.241397939,1,0,0,0,0,0,1,0,0,0,0,0,0,0,0,0,1,0,1,0,0,2.78231,56921
3.524532057,0,0,0,0,0,0,1,0,0,0,0,0,0,0,0,1,0,0,0,0,0,8.23653,56941
3.170016907,0,0,0,1,0,0,0,0,0,0,0,0,0,0,0,1,0,0,0,0,0,9.84303,56949
3.512959354,0,0,0,0,1,0,1,0,0,0,0,0,0,0,0,0,0,0,1,0,0,2.89266,57147
2.9016908700000004,1,0,0,0,0,0,1,0,1,0,0,1,0,0,0,0,1,0,1,0,0,4.7523,57223
3.389838176,0,0,0,1,0,0,1,0,0,0,0,0,0,0,0,0,0,0,0,0,0,1.99104,57243
3.04467882,0,0,0,0,0,0,0,0,0,0,0,1,0,0,1,0,0,0,0,0,0,11.2578,57274
3.326965834,1,1,0,0,0,0,1,0,1,0,0,0,0,0,0,0,0,0,0,0,0,4.37186,57326
3.51475156,0,0,0,0,1,0,1,0,0,0,0,0,0,0,0,0,0,0,1,0,0,3.1524,57353
3.06185242,1,0,0,0,0,0,0,0,0,0,0,0,0,0,0,0,1,0,1,0,0,12.6018,57368
3.047262587,1,0,0,1,1,0,0,0,0,0,0,0,0,0,0,0,0,0,0,0,0,3.69023,57370
3.344880846,0,0,0,0,1,0,0,0,0,0,0,0,0,0,1,0,0,0,1,0,0,3.76534,57401
3.357371639,0,0,0,1,0,0,1,0,0,0,0,0,0,0,0,1,0,0,0,0,0,1.15531,57464
3.232478028,0,0,1,0,0,0,0,1,1,0,0,0,0,0,0,0,1,0,0,0,0,1.38812,57502
3.755507746,0,0,1,0,0,0,1,0,1,0,0,0,0,0,0,0,1,0,0,0,0,5.56634,57504
2.951432723,0,0,0,0,0,0,0,0,0,0,0,1,0,0,1,0,0,0,1,0,0,6.14967,57520
3.163659146,0,0,0,0,1,0,1,0,0,0,0,1,0,0,0,0,0,0,1,0,0,3.47234,57526
3.0860666820000002,1,0,0,0,0,0,0,0,0,0,0,0,0,0,0,0,0,0,1,0,0,8.77778,57528
3.172388197,0,0,0,1,0,0,0,0,0,0,0,0,0,0,0,0,0,0,0,0,0,6.31713,57532
3.1111291800000003,0,0,0,0,0,0,1,0,0,0,0,1,0,0,0,0,0,0,1,0,0,4.0622,57534
3.145622131,0,0,0,1,0,0,0,0,0,0,0,0,0,0,0,0,0,0,0,0,0,2.43799,57536
3.128750698,0,0,0,1,0,0,0,0,0,0,0,0,0,0,0,1,0,0,0,0,0,3.86242,57538
2.632954985,1,0,0,0,0,0,0,0,0,0,0,1,0,0,0,0,1,0,1,0,0,1.64565,57637
3.2610872,0,1,0,0,0,0,0,0,1,0,0,0,0,0,0,0,1,0,0,0,0,14.288,57640
3.492849301,0,0,0,1,1,0,1,0,0,0,0,0,0,0,0,0,0,0,0,0,0,8.71729,57669
3.371190683,0,0,0,1,0,0,1,0,0,0,0,0,0,0,0,1,0,0,0,0,0,3.15807,57792
3.637771866,0,0,0,0,0,1,0,0,0,0,0,0,0,1,0,0,0,0,0,0,0,0.56114,57845
2.803858793,0,0,0,1,0,0,0,0,0,0,0,1,0,0,0,0,0,0,0,0,0,4.10997,57910
2.9655333980000003,1,1,0,1,0,0,0,0,0,0,0,0,0,0,0,1,0,0,0,0,0,8.84542,57951
3.551375762,0,0,0,1,0,0,1,0,0,1,0,0,0,0,0,0,0,0,0,0,0,0.01098,57980
3.277852429,0,1,0,0,0,0,0,0,0,0,0,0,0,0,0,0,0,0,0,0,0,9.38441,58025
3.19717027,0,0,0,1,0,0,0,0,0,0,0,0,0,0,0,1,0,0,0,0,0,13.7783,58047
3.3405962160000002,1,0,0,0,1,0,1,0,0,0,0,0,0,0,0,0,0,0,1,0,0,1.62264,58078
3.379619166,1,0,0,0,1,0,1,0,0,0,0,0,0,0,0,0,0,0,1,0,0,7.27814,58103
3.290094314,0,0,0,0,0,0,0,0,1,0,0,0,0,0,0,0,0,0,0,0,0,6.23106,58105
3.56570139,0,0,0,0,0,0,1,0,0,0,0,0,0,1,0,1,0,0,0,0,0,14.2031,58107
3.550442904,0,0,0,0,0,0,1,0,0,0,0,0,0,0,0,0,0,0,0,0,0,8.12216,58154
3.156465412,0,0,0,1,0,0,0,0,0,0,0,0,0,0,0,0,0,0,0,0,0,4.00948,58156
3.133347409,0,0,0,1,0,0,0,0,0,0,0,0,0,0,0,1,0,0,0,0,0,4.52861,58162
3.634050075,0,0,0,0,0,1,0,0,0,0,0,0,0,0,0,0,0,0,0,0,0,0.02175,58191
3.499107318,0,0,0,0,0,0,1,0,0,0,0,0,0,0,0,0,0,0,0,0,0,0.68222,58246
2.894686321,0,0,0,1,0,0,0,1,0,0,0,0,0,0,0,0,0,0,0,0,0,1.85309,58291
3.40984408,1,1,0,0,0,0,1,0,1,0,0,0,0,0,0,0,0,0,0,0,0,16.3832,58293
3.542546485,0,0,0,0,1,0,1,0,0,0,0,0,0,0,0,0,0,0,1,0,0,7.18065,58295
3.007902424,1,0,0,0,0,0,0,0,0,0,0,0,0,0,0,0,1,0,1,0,0,4.78296,58297
3.21154032,0,1,1,1,0,0,0,1,1,0,0,0,0,0,0,0,0,0,0,0,0,13.0928,58299
2.960372935,0,0,0,0,1,0,0,0,0,0,0,1,0,0,0,0,0,0,1,0,0,9.85115,58301
3.6768122940000003,0,0,0,0,1,0,1,0,0,0,0,0,0,0,0,0,0,0,0,1,0,1.04526,58303
3.388801908,0,0,0,0,0,0,0,0,0,0,1,0,0,0,0,0,0,0,0,0,0,1.91332,58306
3.119308117,0,0,0,1,0,0,0,0,0,0,0,0,0,0,0,1,0,0,0,0,0,2.49393,58315
2.713463268,1,0,0,0,0,0,0,0,0,0,0,1,0,0,0,0,1,0,0,0,0,4.90772,58332
3.3353999560000003,0,0,0,1,0,0,1,0,0,0,0,0,0,0,0,0,0,0,1,0,0,2.50724,58334
3.126578647,0,0,0,1,0,0,0,0,1,0,0,0,0,0,0,1,0,0,0,0,0,3.54763,58347
3.512307846,0,0,0,0,0,0,1,0,0,0,0,0,0,0,0,0,0,0,0,0,0,2.59534,58351
3.7700886010000003,0,0,0,0,0,1,0,0,0,0,1,0,0,0,0,0,0,0,0,0,0,1.11429,58376
3.361219079,0,0,0,1,0,0,1,0,0,0,0,0,0,0,0,1,0,0,0,0,0,1.71291,58418
3.2568178910000003,0,0,0,0,0,0,0,0,0,0,0,0,0,1,0,0,0,0,0,0,0,1.40839,58425
3.385952924,0,0,0,1,0,0,1,0,0,0,0,0,0,0,0,0,0,0,0,0,0,1.42796,58432
3.363542516,0,0,0,1,0,0,1,0,0,0,0,0,0,0,0,1,0,0,0,0,0,2.04964,58490
3.4893843540000002,0,0,0,0,0,0,1,0,0,0,0,0,0,0,0,1,0,0,0,0,0,3.14266,58492
3.68585055,1,0,0,0,1,0,1,0,0,0,0,0,0,0,0,0,0,0,1,0,0,51.6595,58559
3.128905087,0,0,0,1,0,0,0,0,0,0,0,0,0,0,0,0,0,0,0,0,0,0.01523,58622
3.42034544,1,0,0,0,0,0,1,0,0,0,0,0,0,0,0,0,0,0,0,0,0,12.9776,58627
3.104761281,0,0,0,1,0,0,1,1,1,0,0,0,0,0,0,0,1,0,0,0,0,3.79149,58652
3.155413576,0,0,0,1,0,0,0,0,0,0,0,0,0,0,0,0,0,0,0,0,0,3.85704,58655
3.66972765,0,0,0,0,0,0,1,0,0,1,0,0,0,0,0,0,0,0,0,0,0,0.0185,58706
3.601343228,0,0,0,0,1,0,1,0,0,0,0,0,0,0,0,0,0,0,0,0,0,7.29612,58803
3.35985557,0,0,0,1,0,0,1,0,0,0,0,0,0,0,0,1,0,0,0,0,0,1.5153,58806
3.113196787,0,0,0,1,0,0,0,0,0,0,0,0,0,0,0,1,0,0,0,0,0,1.60823,58839
3.6467952340000003,0,0,0,0,0,0,1,0,0,0,0,0,0,0,0,0,0,0,0,1,0,4.89786,58876
3.652040652,0,0,0,0,0,1,0,0,0,0,0,0,0,1,0,0,0,0,0,0,0,2.62908,58879
2.916263433,0,0,0,0,0,0,0,0,0,0,0,1,0,0,0,0,0,0,0,0,0,3.25557,58964
2.881067817,0,1,0,1,0,0,0,1,1,0,0,0,0,0,0,0,0,0,0,0,0,4.80693,58972
3.176224864,0,0,0,0,0,0,1,0,0,0,0,1,0,0,0,0,0,0,0,0,0,5.09056,58975
3.4204189400000002,0,0,0,1,0,0,1,0,0,0,0,0,0,0,0,1,0,0,0,0,0,10.2926,58998
2.942872336,1,0,0,1,0,0,0,0,0,0,0,0,0,0,0,0,1,0,0,0,0,4.09744,59014
3.357341619,1,0,0,0,1,0,1,0,0,0,0,0,0,0,0,0,0,0,1,0,0,4.04951,59016
3.560839607,0,0,0,0,1,0,1,0,0,0,0,0,0,1,0,0,0,0,0,0,0,1.42603,59018
3.1354743270000003,0,1,0,1,0,0,0,0,0,0,0,0,0,0,0,0,0,0,0,0,0,5.89483,59022
3.176822206,0,0,0,1,0,0,0,0,0,0,0,0,0,0,0,0,0,0,0,0,0,6.95974,59026
3.1130030200000003,1,0,0,0,0,0,0,0,0,0,0,0,0,0,0,0,0,0,0,0,0,4.2758,59037
3.071320767,1,1,0,0,0,0,0,0,1,0,0,0,0,0,0,0,0,0,0,0,0,3.16243,59103
3.4284678950000003,0,0,0,1,0,0,1,0,0,0,0,0,0,0,0,0,0,0,0,0,0,7.58955,59118
3.5335936820000002,0,0,0,1,0,1,0,0,0,0,0,0,0,0,0,0,0,0,0,0,0,2.60778,59126
3.142383271,0,0,0,1,0,0,0,0,0,0,0,0,0,0,0,0,0,0,0,0,0,1.96859,59141
3.5199531410000002,0,0,0,1,0,1,0,0,0,0,0,0,0,0,0,0,0,0,0,0,0,0.63089,59143
3.3580988990000002,0,0,0,1,0,0,1,0,0,0,0,0,0,0,0,1,0,0,0,0,0,1.26071,59220
3.558028984,0,0,0,0,1,0,1,0,0,0,0,0,0,0,1,1,0,0,1,0,0,2.68536,59256
3.110684773,0,0,0,1,0,0,0,0,0,0,0,0,0,0,0,1,0,0,0,0,0,1.24417,59258
3.6339515430000002,0,0,0,0,0,1,0,0,0,0,0,0,0,0,0,0,0,0,0,0,0,0.00747,59295
2.9650317260000003,0,0,0,0,1,0,0,0,0,0,0,1,0,0,0,0,0,0,0,0,0,2.12054,59306
3.111255467,1,0,0,0,1,0,0,0,0,0,0,0,0,0,0,0,0,0,1,0,0,4.22543,74668
3.63659859,0,0,0,0,0,1,0,0,0,0,0,0,0,0,0,0,0,0,0,0,0,0.3911,74677
2.90580083,1,0,0,0,0,0,0,0,0,0,0,1,0,0,1,0,0,0,0,0,0,14.8407,74685
3.645409195,0,0,0,0,0,0,1,0,0,0,0,0,0,0,0,1,0,0,0,1,0,8.56655,74688
2.96028262,0,0,0,1,0,0,0,1,1,0,0,0,0,0,0,0,0,0,0,0,0,11.3598,74698
3.43775287,0,0,0,1,1,0,1,0,0,0,0,0,0,0,0,0,0,0,0,0,0,0.7323,74727
2.865493529,0,0,0,0,0,0,0,0,0,0,0,1,0,0,0,0,0,0,1,0,0,4.30341,74750
3.467758098,0,0,0,0,0,0,1,0,0,0,0,0,0,0,0,1,0,0,0,0,0,0.00842,74754
3.4994520060000003,0,0,0,0,0,0,1,0,0,0,0,0,0,0,0,1,0,0,0,0,0,4.60174,74787
3.0924023800000002,0,1,0,0,0,0,0,1,1,0,0,0,0,0,0,0,0,0,0,0,0,18.2902,74789
3.122941836,0,1,1,1,0,0,0,1,1,0,0,0,0,0,0,0,0,0,0,0,0,0.25244,74791
3.31848051,1,1,0,0,0,0,1,0,0,0,0,0,0,0,0,0,0,0,1,0,0,11.5479,74795
3.1102182590000003,1,0,0,0,1,0,0,0,0,0,0,0,0,0,0,0,0,0,1,0,0,4.07511,74851
3.45996902,0,0,0,0,0,0,1,0,1,0,0,0,0,0,0,0,0,0,1,0,0,3.4158,74868
3.361588298,0,0,0,1,0,0,1,0,0,0,0,0,0,0,0,1,0,0,0,0,0,1.76642,74916
3.511200958,0,0,0,0,1,0,1,0,0,0,0,0,0,0,0,0,0,0,1,0,0,2.63782,74944
3.1578794980000002,0,0,0,1,0,0,0,0,0,0,0,0,0,0,0,0,0,0,0,0,0,4.21442,74946
3.35171805,1,0,0,0,1,0,1,0,0,0,0,0,0,0,0,0,0,0,1,0,0,3.2345,74948
3.54238215,0,0,0,0,0,0,1,0,0,0,0,0,0,0,0,1,0,0,0,0,0,10.8235,75341
3.197460178,0,0,0,0,0,0,0,0,0,0,0,0,0,0,0,0,0,0,1,0,0,1.21162,75395
3.147463552,1,0,0,0,0,0,0,0,0,0,0,0,0,0,0,0,0,0,0,0,0,9.27008,75805
3.390386943,0,0,0,1,1,0,1,0,0,0,0,0,0,0,0,0,0,0,1,0,0,2.27347,75813
3.060285075,1,0,0,0,1,0,0,0,0,0,0,0,0,0,0,0,1,0,1,0,0,4.17175,75985
2.97032789,0,0,0,0,0,0,0,0,0,0,0,1,0,0,1,0,0,0,1,0,0,8.8881,76030
3.424463619,0,0,0,0,0,1,0,1,0,0,0,0,0,0,0,0,0,0,0,0,0,5.42951,76054
3.12007861,0,1,0,1,0,0,0,0,0,0,0,0,0,0,0,0,1,0,0,0,0,10.9969,76077
3.556931516,0,0,0,0,0,0,1,0,0,0,0,0,0,0,1,0,0,0,1,0,0,6.85964,76079
3.591898912,0,0,0,0,1,0,1,0,0,0,0,0,0,0,1,0,0,0,1,0,0,3.72448,76091
3.36228205,0,1,1,0,0,0,0,1,1,0,0,0,0,0,0,0,0,0,0,0,0,17.7945,76093
2.963402832,1,1,0,0,0,0,0,0,0,0,0,0,0,0,0,0,1,0,1,0,0,3.26128,76130
3.028087556,1,0,0,1,1,0,0,0,0,0,0,0,0,0,0,0,0,0,0,0,0,0.91124,76173
3.1717956000000003,1,1,0,0,0,0,0,0,1,0,0,0,0,0,0,0,0,0,0,0,0,17.724,76175
3.281521725,1,0,0,1,1,0,1,0,0,0,0,0,0,0,0,0,0,0,0,0,0,1.80025,76210
3.26736567,1,0,0,0,1,0,0,0,0,0,0,0,0,0,0,0,0,0,0,0,0,18.4443,76251
3.164894314,0,0,0,1,0,0,0,0,0,0,0,0,0,0,0,0,0,0,0,0,0,5.23106,76293
3.181697796,0,0,0,0,0,0,1,0,0,0,0,1,0,0,1,0,0,0,1,0,0,3.68084,76317
3.809174451,0,0,0,0,0,1,0,0,0,1,0,0,0,0,0,0,0,0,0,0,0,0.01079,76738
3.510309882,0,0,0,0,0,0,1,0,0,0,0,0,0,1,0,0,0,0,0,0,0,2.30578,76763
3.138153157,0,0,0,1,0,0,0,0,0,0,0,0,0,0,0,0,0,0,0,0,0,1.35553,77191
3.33120961,1,1,0,0,0,0,1,0,1,0,0,0,0,0,0,0,0,0,0,0,0,4.9869,77201
2.911022968,0,0,0,1,0,0,0,1,0,0,0,0,0,0,0,0,0,0,0,0,0,4.22072,77206
3.471928527,0,0,0,0,0,0,1,0,0,0,0,0,0,0,0,1,0,0,0,0,0,0.61283,77240
3.546456567,0,0,0,0,0,0,1,0,0,0,0,0,0,0,0,0,0,0,0,0,0,7.54443,77307
3.21615637,1,1,0,0,1,0,0,0,0,0,0,0,0,0,1,0,0,0,1,0,0,13.7473,77364
3.264868782,0,0,0,0,0,0,1,1,0,0,0,0,0,0,0,1,0,0,0,0,0,6.38678,77414
3.361359701,0,0,0,1,0,0,1,0,0,0,0,0,0,0,0,1,0,0,0,0,0,1.73329,77421
2.916416751,0,0,0,0,0,0,0,0,0,0,0,1,0,0,0,0,0,0,0,0,0,3.27779,77427
3.673844652,0,0,0,0,0,1,0,0,0,0,0,0,0,0,0,0,0,0,0,0,0,5.78908,77455
3.009047761,1,1,0,0,0,0,0,0,1,0,0,0,0,0,0,0,1,0,0,0,0,1.47069,77540
3.2010258400000002,1,1,0,0,0,0,0,0,0,0,0,0,0,0,0,0,1,0,0,0,0,29.2936,77561
3.809278572,0,0,0,0,0,1,0,0,0,1,0,0,0,0,0,0,0,0,0,0,0,0.02588,77629
3.1684915240000002,0,0,0,1,0,0,0,0,0,0,0,0,0,0,0,1,0,0,0,0,0,9.62196,109483
4.4789311000000005,0,0,0,0,0,0,1,0,0,0,0,0,0,0,0,0,1,0,0,0,0,150.019,109487
3.398076597,1,0,0,0,1,0,1,0,0,0,0,0,0,0,0,0,0,0,1,0,0,9.95313,109569
3.2155680600000003,1,0,0,0,0,0,0,0,0,0,0,0,0,0,1,0,0,0,1,0,0,16.9374,109578
3.40102907,1,0,0,0,0,0,0,0,0,0,0,0,0,0,0,0,0,0,0,1,0,28.8303,109673
3.32468809,0,1,1,0,0,0,0,1,0,0,0,0,0,0,0,0,0,0,0,0,0,12.3461,109846
3.47280693,0,0,0,0,0,0,1,0,0,0,0,0,0,0,0,0,1,0,1,0,0,12.6097,109848
3.41994042,1,0,0,0,1,0,1,0,0,0,0,0,0,0,0,0,0,0,1,0,0,13.1218,109850
3.452769409,0,0,0,1,1,0,1,0,0,0,0,0,0,0,0,0,0,0,0,0,0,2.90861,109864
3.164203141,0,0,0,1,0,0,0,0,0,0,0,0,0,0,0,0,0,0,0,0,0,5.13089,109895
3.3888735100000003,1,1,0,0,0,0,0,0,0,0,0,0,0,0,0,0,1,0,0,0,0,56.5179,110102
3.62347322,0,1,0,0,0,0,1,0,0,0,0,0,0,0,0,0,0,0,0,0,0,23.6338,110127
2.939916665,0,1,0,1,1,0,0,1,0,0,0,0,0,0,0,0,0,0,0,0,0,5.13285,110297
3.176250866,0,0,0,0,0,0,0,0,0,0,0,0,0,0,0,0,1,0,1,0,0,5.47114,110407
3.5437953060000003,0,0,0,0,0,0,1,0,0,0,0,0,0,0,0,0,0,0,0,0,0,7.15874,110453
3.15886871,1,0,0,0,1,0,0,0,0,0,0,0,0,0,0,0,0,0,1,0,0,11.1259,110501
3.33400908,1,1,0,0,0,0,0,0,1,0,0,0,0,0,0,0,0,0,0,0,0,41.2332,110553
3.543902601,0,0,0,0,0,0,1,0,0,0,0,0,0,0,0,0,0,0,0,0,0,7.17429,110586
2.959649667,0,0,0,0,0,0,0,0,0,0,0,1,0,0,0,0,0,0,0,0,0,9.54343,110591
3.55051884,0,0,0,0,0,0,1,0,0,0,0,0,0,0,1,0,1,0,1,0,0,13.2636,110730
3.25002358,0,0,0,1,0,0,0,0,0,0,0,0,0,0,0,1,0,0,0,0,0,21.4382,110771
3.5330765900000003,0,0,0,0,0,0,1,0,0,0,0,0,0,0,0,0,0,0,1,0,0,14.0111,110882
3.27809944,0,0,0,1,0,0,0,0,0,0,0,0,0,0,0,0,0,0,0,0,0,21.6376,111113
3.644008086,0,0,0,0,0,1,0,0,0,0,0,0,0,0,0,0,0,0,0,0,0,1.46494,111235
3.37002917,1,0,0,0,0,0,0,0,0,0,0,0,0,0,0,0,1,0,0,0,0,48.8593,111360
3.3309763,1,1,0,0,0,0,0,0,1,0,0,0,0,0,0,0,1,0,0,0,0,48.127,111362
3.1439624200000003,1,0,0,0,0,0,0,0,0,0,0,0,0,0,0,0,1,0,1,0,0,24.5018,111364
3.26435071,0,0,0,0,0,0,0,0,0,0,0,0,0,0,0,0,0,0,1,0,0,10.9059,111384
3.25576345,0,0,0,1,0,0,0,0,0,0,0,0,0,0,0,0,0,0,0,0,0,18.4005,111443
3.2334847300000003,0,0,0,1,0,0,0,0,0,0,0,0,0,0,0,0,0,0,0,0,0,15.1717,111617
3.53813777,0,0,0,1,0,0,1,0,0,0,0,0,0,1,0,1,0,0,0,0,0,27.3533,111622
2.97545421,1,1,0,0,0,0,0,1,1,0,0,0,0,0,0,1,0,0,0,0,0,28.9209,111659
3.35279143,0,0,0,1,0,0,0,0,0,0,0,0,0,0,0,0,0,0,0,0,1,11.1147,111743
3.33758537,1,0,0,0,0,0,0,0,0,0,0,0,0,0,0,0,1,0,0,0,0,44.1573,111759
3.70283958,0,0,0,0,0,0,1,0,0,0,0,0,0,0,0,1,0,0,0,0,0,34.0782,111921
3.06462891,1,0,1,1,0,0,0,1,0,0,0,0,0,0,0,0,0,0,0,0,0,10.5839,112006
3.19722767,1,0,0,1,1,0,0,0,0,0,0,0,0,0,0,0,0,0,0,0,0,25.4243,112138
3.54771683,1,0,0,0,1,0,0,0,0,0,0,0,0,0,0,0,0,0,1,0,0,67.4807,112171
3.2975271200000003,1,1,1,1,0,0,0,1,1,0,0,0,0,0,0,0,0,0,0,0,0,49.2648,112175
3.7496867,0,0,0,1,0,0,1,0,0,0,0,0,0,0,0,0,0,0,0,0,0,54.143,112183
3.59134431,0,0,0,0,0,0,1,0,0,0,0,0,0,0,0,0,0,0,0,0,0,14.0499,112290
3.28036549,1,1,0,0,0,0,0,0,0,0,0,0,0,0,0,0,1,0,0,0,0,40.7921,112370
3.54175517,0,0,0,1,0,0,1,0,0,0,0,0,0,0,1,0,0,0,0,0,0,13.3993,112421
3.27177981,0,0,0,0,0,0,1,0,0,0,0,1,0,0,0,0,0,0,1,0,0,27.3449,112515
3.94865874,0,0,0,0,0,0,1,0,0,0,0,0,0,0,0,0,0,0,0,0,0,65.8346,112552
4.06383353,0,0,0,0,0,0,1,0,0,0,0,0,0,0,1,0,0,0,1,0,0,80.3237,112556
3.5251907300000003,1,0,0,0,0,0,1,0,0,0,0,0,0,0,0,0,1,0,1,0,0,43.9117,112623
3.4574794300000002,0,0,0,1,0,0,0,0,0,0,0,0,0,0,0,0,0,0,0,0,0,47.6347,112788
3.52090474,0,0,0,0,0,0,1,0,0,0,0,0,0,0,0,0,1,0,0,0,0,11.1746,112804
3.0437936,0,0,0,0,0,0,0,0,0,0,0,1,0,0,0,0,0,0,1,0,0,30.144,112818
3.79719374,0,1,0,0,0,0,0,0,1,0,0,0,0,0,0,0,1,0,0,0,0,91.9846,112852
